:10000000000004202D260000552600005726000081
:10001000592600005B2600005D260000000000005D
:100020000000000000000000000000005F2600004B
:100030006126000000000000632600006526000025
:1000400081230000F9180000E10E0000672600007F
:100050006726000067260000611F00006726000079
:10006000390E00006726000067260000891B00008B
:100070006726000055210000672600006726000063
:100080007D2100006726000067260000672600002B
:10009000672600006726000067260000672600002C
:1000A000672600006726000067260000672600001C
:1000B0006726000067260000000000000000000026
:1000C00067260000672600006726000067260000FC
:1000D00067260000672600006726000067260000EC
:1000E0006726000067260000672600000000000069
:1000F00000000000672600000000000067260000E6
:1001000000000000000000000000000000000000EF
:1001100000000000000000000000000000000000DF
:1001200000000000000000000000000000000000CF
:1001300000000000000000000000000000000000BF
:1001400000000000000000000000000000000000AF
:10015000000000000000000000000000000000009F
:10016000000000000000000000000000000000008F
:10017000000000000000000000000000000000007F
:10018000000000000000000000000000000000006F
:10019000000000000000000000000000000000005F
:1001A000000000000000000000000000000000004F
:1001B000000000000000000000000000000000003F
:1001C000000000000000000000000000000000002F
:1001D000000000000000000000000000000000001F
:1001E000000000000000000000000000000000000F
:1001F00000000000000000000000000000000000FF
:1002000001F0FF01102A2BDB10F0070F08D010F8C7
:10021000013B013A8B422DD010F0070F42B3F6D1CB
:10022000F0B441EA012141EA014122F007047FF0E4
:1002300000070023F0E80256083C85EA010586EA3B
:10024000010685FA47F5A3FA87F586FA47F6A5FA77
:1002500087F68EB9EED1F0BC01F0FF0102F0070283
:1002600032B110F8013B013A83EA010313B1F8D12E
:100270000020704701387047002D06BF354603380F
:10028000073815F0010F07D1013015F4807F02BF48
:10029000013015F4C03F0130F0BC0138704700BF99
:1002A0009FED077BA0F1080300F1C00208339342E1
:1002B00083ED007BFAD180ED327B7047AFF3008095
:1002C0000000000000000000D0E9323210B5D9086B
:1002D00003F0070341EA4271DB004FF01F0CA3F16A
:1002E0002002C3F120042CFA04F400EBC10E0CFA36
:1002F00002F20CFA03FC50F83130224383EA0C047A
:10030000DEF8043040F831405340CEF80430D0F8E5
:10031000A4309FED057B03F1004380ED327BC0F8F4
:10032000A43010BDAFF3008000000000000000000A
:100330009FED077BA0F1080300F1C0020833934250
:1003400083ED007BFAD180ED327B7047AFF3008004
:100350000000000000000000D0E9323210B5D908DA
:1003600003F0070341EA4271DB004FF01F0CA3F1D9
:100370002002C3F120042CFA04F400EBC10E0CFAA5
:1003800002F20CFA03FC50F83130224383EA0C04E9
:10039000DEF8043040F831405340CEF80430D0F855
:1003A00084309FED057B03F1004380ED327BC0F884
:1003B000843010BDAFF3008000000000000000009A
:1003C0009FED077BA0F1080300F1C00208339342C0
:1003D00083ED007BFAD180ED327B7047AFF3008074
:1003E000000000000000000010B5054C237833B970
:1003F000044B13B10448AFF300800123237010BDF8
:10040000206D002000000000745F010008B5034B60
:100410001BB103490348AFF3008008BD0000000092
:1004200088100020745F0100A3F5803A704700BF78
:10043000154B002B08BF114B9D46FFF7F5FF002120
:100440008B460F461148124A121A11F08AFA0C4BC9
:10045000002B00D098470B4B002B00D09847002072
:10046000002104000D000B4811F014FA00F010F9FF
:100470002000290006F0AEFA00F00EF80000080097
:1004800000000000000000000000042040040020E4
:100490004C6D0020D906000008B5064B044613B188
:1004A000002100F089F9044B1B6803B198472046EE
:1004B00000F09AFBB9070000D8110020002310B506
:1004C0000446C0E90033C0E9043383608181436698
:1004D000C2818361194608225C3011F042FA0D4B4B
:1004E00063620D4BA3620D4BE3620D4B23630D4B17
:1004F00024629C4206D003F16802944202D0D033B9
:100500009C4205D104F15800BDE8104011F031BA09
:1005100010BD00BFDD180100FF18010037190100F0
:100520005B190100A0100020024A0349034811F0A2
:10053000B7B900BF000000207919010010000020A9
:1005400041680C4B994210B5044601D011F014FAE1
:10055000A168094B994202D0204611F00DFAE168DA
:10056000064B994204D02046BDE8104011F004BA71
:1005700010BD00BFA0100020081100207011002045
:1005800010B50B4B0B4C0C4A1A602046002204217C
:10059000FFF794FF04F1680001220921FFF78EFFA5
:1005A00004F1D0000222BDE810401221FFF786BFFF
:1005B000D8110020A010002029050000014811F0EA
:1005C000D9B900BF236D0020014811F0D4B900BF94
:1005D000236D002010B50446FFF7F0FF236A1BB11E
:1005E000BDE81040FFF7F0BF044B2362044B1B68CB
:1005F000002BF5D1FFF7C4FFF2E700BF4105000073
:10060000D811002038B5064D0023044608462B605B
:1006100000F0BCFA431C02D12B6803B1236038BD43
:10062000DC11002038B5074D04460846114600226B
:100630002A601A4600F0B2FA431C02D12B6803B1BB
:10064000236038BDDC11002038B5074D044608464C
:10065000114600222A601A4600F0A8FA431C02D173
:100660002B6803B1236038BDDC11002038B5074D7D
:1006700004460846114600222A601A4600F0ACFAE9
:10068000431C02D12B6803B1236038BDDC1100206C
:1006900070B50D4D0D4C641BA4100026A64209D167
:1006A0000B4D0C4C11F04AFB641BA4100026A64213
:1006B00005D170BD55F8043B98470136EEE755F873
:1006C000043B98470136F2E734040020340400204C
:1006D000340400203804002038B5074D074C641B53
:1006E000A4101CB9BDE8384011F02EBB013C55F8F0
:1006F00024309847F5E700BF380400203C04002070
:100700002DE9F843274D0746286891460E4698463E
:1007100011F030F9244A14683CB9244B1360244A80
:1007200012B11268C3F88820204C63681F2B06DDC5
:10073000286811F020F94FF0FF30BDE8F8832FB39F
:10074000D4F8880068B91B4B002BF1D04FF48470AB
:1007500010F09EFD0028EBD00023C0E94033C4F820
:100760008800636840F8239001229A4000EB8301DF
:10077000D0F800311343C0F80031022FC1F8808057
:1007800002BFD0F804311343C0F80431636828680D
:100790005A1C0233626044F8236011F0ECF8002028
:1007A000CBE700BF5C0000206C120020E0110020AD
:1007B00000000000911201002DE9F74FDFF8AC8036
:1007C0000190D8F80000DFF8A8900F4611F0D2F899
:1007D000D9F8005035B9D8F8000003B0BDE8F04FA3
:1007E00011F0C9B86C68D5F888B0661E013405EB05
:1007F00084040BF1800A002EEDDB4FB1BBF1000F3A
:1008000002D1013E043CF6E75AF82620BA42F8D15C
:10081000696822680139B14216BF00236E60236007
:10082000002AEED06B680093BBF1000F07D0DBF815
:100830000011012303FA06FC1CEA010F09D19047BD
:100840006968009BD9F800209942C1D19542D8D05F
:10085000BEE7DBF804015BF826101CEA000F02D1AA
:1008600001989047ECE708469047E9E75C000020D4
:100870006C12002038B50546002941D051F8043CDF
:100880000C1F002BB8BFE41800F0E0F81D4A1368F5
:1008900033B9636014602846BDE8384000F0DCB826
:1008A000A34208D9206821188B4201BF19685B68F0
:1008B00009182160EDE71A465B680BB1A342FAD92B
:1008C00011685018A0420BD120680144501883428F
:1008D0001160E0D118685B68536008441060DAE783
:1008E00002D90C232B60D6E7206821188B4204BF65
:1008F00019685B68636004BF091821605460CAE727
:1009000038BD00BF7412002070B50F4E0C46316820
:10091000054611B900F02AF930602146284600F05A
:1009200025F9431C03D14FF0FF34204670BDC41C91
:1009300024F00304A042F8D0211A284600F016F94A
:100940000130F2D1EFE700BF701200202DE9F8432B
:10095000CD1C25F0030508350C2D38BF0C25002DC6
:10096000064601DBA94204D90C2333600020BDE810
:10097000F883DFF8D48000F069F8D8F800301C461E
:1009800044BB29463046FFF7BFFF431C044658D1FD
:10099000D8F800402746002F43D1002C4BD02368C5
:1009A0003946304604EB030900F0E0F8814542D1B6
:1009B00021686D1A29463046FFF7A6FF01303AD06C
:1009C00023682B442360D8F800305A6862BBC8F80B
:1009D00000700FE02268521B20D40B2A17D961192E
:1009E000A342256018BF5960636808BFC8F80010AB
:1009F00062514B60304600F02FF804F10B00231DCC
:100A000020F00700C21A1CBF1B1AA350AFE7626890
:100A1000A3420CBFC8F800205A60EBE72346646885
:100A2000AEE73C467F68B6E71A465B68A342FBD157
:100A300000235360DEE70C233360304600F00CF8EF
:100A400094E70560D6E700BF74120020014810F05B
:100A500091BF00BF216D0020014810F08CBF00BF86
:100A6000216D0020B1F90C202DE9F0411607054653
:100A70000C4654D44B68002B02DC0B6C002B48DD79
:100A8000E66A002E45D0002312F480522F68216AB6
:100A90002B6030D0626DA389590705D56368D21ADF
:100AA000636B0BB1236CD21A0023E66A216A2846D5
:100AB000B047431CA38906D129681D292BD82A4A8F
:100AC000CA40D60727D500226260D9042269226075
:100AD00004D5421C01D12B6803B96065616B2F609E
:100AE000B9B104F14403994202D02846FFF7C2FE8F
:100AF000002363630DE001232846B0470246501CE3
:100B0000C9D12B68002BC6D01D2B01D0162B1ED1AE
:100B10002F60002022E043F040031BB21BE00F696E
:100B2000002FF6D093070E6808BF4B690F6018BFFF
:100B30000023A6EB07088B60B8F1000FE9DD216AFE
:100B4000A66A43463A462846B047002808DCB4F96E
:100B50000C3043F04003A3814FF0FF30BDE8F0813B
:100B60000744A8EB0008E7E70100402038B5064D30
:100B70000023044608462B6000F020F8431C02D1F5
:100B80002B6803B1236038BDDC110020024B5822D2
:100B90001A604FF0FF307047DC110020024B5822E2
:100BA0001A604FF0FF307047DC110020024B5822D2
:100BB0001A604FF0FF307047DC110020044A0549ED
:100BC0001368002B08BF0B46184410601846704786
:100BD00078120020506D0020024B58221A604FF00E
:100BE000FF307047DC110020FEE700BF08B506F0BB
:100BF000E5FFBDE8084007F031B800BF00B585B09B
:100C000006F044FF002006F0DBFD00F03BF907F0A2
:100C100099F84FF080534CF6F4613622ADF8081085
:100C20008DF80A20D3F8A8208DF80B200422D3F8E1
:100C3000A43001930DEB020103A810F001FF08227C
:100C40000DEB0201024810F0FBFE05B05DF804FB5D
:100C50009C2B00200148002106F0A8BAA002002029
:100C600010B500F097F90446BFF35F8F06F056FB0E
:100C700000B930BFBFF35F8F2046BDE8104000F0E1
:100C80008DB900BF802803D1024B0022C3F8042590
:100C90000120704700C000400120704730B5144D5E
:100CA000012383B02B6000F0BFF86FF00304241A17
:100CB00003E000F0B9F8C44203D5D5F80031002BA9
:100CC000F7D00B4B0022C3F80021D3F80825D3F846
:100CD0000835920548BF6FEA8353054A48BF6FEA5B
:100CE0009353012101935160019803B030BD00BFBF
:100CF00000C0004070B570B10E46451E002404E0EF
:100D0000A64206D000F0AAF8013415F8010F002819
:100D1000F6D1204670BD0446FBE700BF042800D092
:100D2000704708B5054A13680133136006F014F9DB
:100D300000B908BDBDE8084006F0EEB880120020FA
:100D400000B5134B83B000221A6001F01FFCC0B93C
:100D5000002001F035FC0F4B0F4A93E80300009090
:100D6000ADF804100D48694600F0A6FE60B90121F7
:100D70000A4800F0F3FE094800F0E4FE03B05DF815
:100D800004FB00F0F3FDE3E700F0F0FDEFE700BF48
:100D9000801200209C3601001D0D000094360100D9
:100DA000014B1868704700BF80120020014B186883
:100DB000C00970478012002010B4164B164900225B
:100DC00083B0C3F84021D3F840210192019AD3F8AF
:100DD000102522F00F0242F00802C3F81025D3F8C4
:100DE000082542F00302C3F80825D3F804254FF480
:100DF00080344FF4807022F00302C3F80425C3F856
:100E00000443C1F88001086001221A6003B05DF854
:100E1000044B70470080004000E100E0014BC3F844
:100E20004005704700800040024B01225A64D3F80D
:100E30004405704700800040074BD3F8402102B9B9
:100E40007047002282B0C3F84021D3F840310193AB
:100E5000019B02B006F0AEBA00800040084A82B0A2
:100E6000C2F81C05D2F81C31002BFBD00023C2F8BD
:100E70001C31D2F81C310193019B02B0704700BFB6
:100E80000020004010B4144B144C4FF0A04100223D
:100E9000032083B0C3F80025C1F818074020C1F82B
:100EA0000805C1F8202708200621C3F82445C3F807
:100EB0006C25C3F81405C3F80C15C3F81C21D3F82E
:100EC0001C210192019804210122C3F800159A60A7
:100ED00003B05DF8044B70470020004000E0D701EC
:100EE000074B002282B0C3F80821D3F808210192F1
:100EF000019A044AD3F818051368C0B202B0184723
:100F000000200040841200204FF0A0434FF4F03145
:100F10000022C3F80815C3F80C25704700B50F4A26
:100F200007CA85B001AB83E807000D49184601F0F8
:100F30003BF948B90B4801F071F960B90A4B01223D
:100F40001A7005B05DF804FB00F010FD054801F0D3
:100F500065F90028F2D000F009FDEFE7A4360100A2
:100F6000090F0000256D0020246D0020024B1B7826
:100F700003B9704701F044B9246D0020034B1B787E
:100F800003B97047024B187801F06EB9246D002048
:100F9000256D0020EFF3108072B6704780F3108843
:100FA000704700BF00F01F0301219940C0F34710B4
:100FB00006F0E6BD08B500F08BFE00B108BDBDE847
:100FC000084000F039BE00BF30B583B0154602239B
:100FD0008DF8063005F00C03002201F01F01082BEC
:100FE000ADF8042041EA401426D00C2B1AD0042B73
:100FF00002D101238DF8043015F0030306D0022B33
:101000001ED0012B04BF03238DF805300E4A01A921
:10101000204600F067FE2B0608D4204600F066FF4D
:1010200003B030BD03238DF80430E5E701212046ED
:1010300000F0E8FE03B030BD02238DF80430DBE79A
:1010400001238DF80530E1E7A50F000001F01F0135
:1010500041EA40101F28CABF054B4FF0A04300F0E3
:101060001F00D3F8103523FA00F000F0010070479C
:1010700000030050024B0022C3F8FC2F01207047F0
:101080000010004091B118280ED8DFE800F01B11C5
:101090000D0D6D64605C443F3B0D0D0D3835322FF6
:1010A0000D2C292623201D000120704702207047A7
:1010B000324B334AD3F80835A2FB03239B080A338B
:1010C000DBB20B60002070477D230B60FAE7002342
:1010D0000B60F7E710230B60F4E70A230B60F1E7DE
:1010E00020230B60EEE703230B60EBE708230B6084
:1010F000E8E7D8230B60E5E71A230B60E2E70B2350
:101100000B60DFE71F4B1B780B60DBE71E4B93F98F
:1011100000300B60D6E7194A012382B05361D2F840
:101120001C31002BFBD00023C2F81C31D2F81C313B
:101130000193019BD2F8483503F07F035B42002006
:101140000B6002B07047114B5B790B60BAE70F4B35
:101150005B780B60B6E70D4BDB7800220A60002B52
:10116000B0D001230B60ADE7084B1B7800220A606A
:10117000002BA7D004230B60A4E700BF00100040A1
:10118000CDCCCCCC266D0020276D0020BC010020EA
:101190000120704730B583B0FFF7FCFEBFF35F8FCF
:1011A0001D4B1B78ABB11D4B1D4902224FF0FF3484
:1011B000C1F80843C3F88021C3F88020BFF34F8FE4
:1011C000BFF36F8FBFF35F8F03B0BDE83040FFF711
:1011D000E5BE03F0FF02124B1049C3F83021D3F8EB
:1011E00030410194019CC3F83421D3F8342100929A
:1011F0004FF0FF34009DC3F8084302224FF44054DF
:10120000C1F88021C3F804430A60BFF35F8F03B0C5
:10121000BDE83040FFF7C2BEBC01002000E100E0A5
:1012200000100040154BD3F8FC0F30B1D3F8502517
:10123000D2B2032A02D000207047704710B4104C7D
:10124000104922780978053AD2B201F0FF0051B175
:101250007A2A11D8D3F8302172B9D3F83401B0FA10
:1012600080F0400905E07A2A03D894F8800080F0E5
:1012700001005DF8044B70470020FAE700100040C1
:1012800088120020BC010020074A1378053B7A2B06
:1012900008D8064BD3F8303113B992F88000704764
:1012A0000120704700207047881200200010004085
:1012B0000C2801D001207047042A05D121B1034B2D
:1012C0001B680B6000207047022070478C130020C1
:1012D00070B51B4CD4F85055EDB2032D82B02AD016
:1012E000184B194A1949C4F80415C3F8102502F51A
:1012F000DE421432C3F8142501264FF00062C3F811
:101300000465C3F80425FFF745FFD4F8003243F025
:101310001003C4F80032D4F80032022D43F4002345
:10132000C4F8003209D00023C4F85831D4F8583139
:101330000193019B666002B070BDA66002B070BDF3
:101340000010004000F001403811004088120020D9
:1013500070B5314B314D002484B0C3F83841D3F817
:1013600038210092009AC3F80C41D3F80C21019265
:10137000019AC3F83441D3F834210292029AC3F897
:101380003041D3F830312A780393039B531F7A2BD3
:1013900038D8941E2246691C10F052FB2B195B783A
:1013A0003F2B2DD89B00DBB21D4E1B4A3370D2F869
:1013B00048151C4B01F07F01494249B219700420C5
:1013C00089B207F0A9F93178032007F0A5F9164B87
:1013D0002A7816491A74D1F84C055860D1F8481586
:1013E00099605200DA6059680C480239196081220C
:1013F000002110F0B6FAFFF76BFF204604B070BD75
:10140000FF23D1E781222146284610F0AAFAFFF7F0
:101410005FFF204604B070BD00100040881200201D
:10142000266D0020276D00208C13002000800040D6
:101430007D2910B50C4609D801460A48A31C00F8BE
:10144000013B224610F0FCFA002010BD064A074975
:10145000074807F0CBFD7D222146064807F0C6FD70
:10146000012010BD0C130020601E0100701E010041
:10147000741E0100841E010010B5264C264A0F235D
:1014800084B0C4F8103593780A3B03EB8303C4F8A7
:1014900008351179D079937952791B0643EA0023F4
:1014A0000B4343EA024300211C48C4F86C3640F267
:1014B0000222C4F83425C4F838050D22C4F83C15BE
:1014C000684610F04EFA9DF807309DF801009DF82F
:1014D00002105B0743EA002343EA01439DF804102E
:1014E00043EA815343F0C06343F00803C4F8143562
:1014F0009DF80A309DF809101B0443EA012340F2CD
:10150000012243F07F03C4F81835C4F8502604B014
:1015100010BD00BF00100040BC01002021100100E0
:1015200008B5084BD3F8FC2F1AB1FFF7D1FE012004
:1015300008BD0122C3F8FC2FFFF79EFFFFF7C8FE8E
:10154000012008BD0010004010B51C491C4C1D486E
:101550004FF08042002382B00B6023704B60037019
:101560008B60CB600B74C2F80031D2F8003100936D
:10157000012300991360D2F80031002BFBD0002426
:10158000C2F80041D2F80031019321460E48019B78
:1015900005F00CFE214681220C4810F0E2F90C4BBC
:1015A0000122C3F8FC2FFFF767FF0A4A1378DBB26A
:1015B0001370FFF7EFFD204602B010BD8C13002022
:1015C000276D0020266D0020C40100208812002015
:1015D00000100040BC01002000B51B4BD3F8FC2FCD
:1015E00085B052B3FFF774FE174B0022C3F84821B1
:1015F000D3F8481103910399C3F84421D3F8441157
:1016000002910299C3F84C21D3F84C210192012296
:101610000199DA6202E0D3F844211AB9D3F84821DB
:10162000002AF8D0084BD3F84801D3F84431B0FA77
:1016300080F0400905B05DF804FB0122C3F8FC2FDF
:10164000FFF71AFFCEE700BF0010004010B5038877
:10165000044683B140F2C932934203D1822905D0B6
:10166000012010BD00230380032010BD114A137810
:10167000053B7A2B03D940F2C9332380F0E70E4BA8
:10168000D3F830311BB992F88030002BF3D0FFF73C
:1016900075FC06F023FF06F0EDFF8021FFF758FEF2
:1016A0000028E8DD80B206F0DFFF044BDB689847D6
:1016B000E1E700BF8812002000100040305D01000B
:1016C00010B57D2884B05AD8334BD3F8FC2F002AAC
:1016D00049D0324CFFF7FCFDE378002B3DD1637815
:1016E0002D4ADBB20121C2F80C35D160D2F8503559
:1016F000DBB2022BFAD100232949C2F80415C2F843
:101700000C31D2F80C1101910199C2F86C31D2F868
:101710006C1102910299C2F85431D2F854310393FA
:10172000039BD2F80032012143F48023C2F8003237
:101730001160FFF779FB6FF00204241AFFF774FBC6
:10174000E042FBD4144AD2F85035DBB20B2BFAD06E
:10175000FFF7BEFD002004B010BDFFF73DFF0028DD
:10176000BDD10220F7E701220C4CC3F8FC2FFFF794
:1017700083FEFFF7ADFDE378002BB0D0EDE7094A1B
:1017800009490446094807F031FC2146084807F09A
:101790002DFC012004B010BD00100040BC01002051
:1017A0000C130020601E0100701E0100741E010059
:1017B000A01E01007D2910B50C460CD801460D482D
:1017C000A31C224600F8013B10F03AF92046BDE880
:1017D0001040FFF775BF084A0849094807F006FCA2
:1017E000214608487D2207F001FC2046BDE8104054
:1017F000FFF766BF0C130020601E0100701E010081
:10180000741E0100841E010008B507280FD8DFE808
:1018100000F010180E0E44333904354B3548C9B268
:101820005971D0F8FC2F002A42D1002008BD0120B8
:1018300008BD01294CD0002938D12E4BC3F8FC1F1C
:10184000F3E7A1F10B030F2B30D8294A294BC8B27B
:101850009070D3F8FC2F002AE7D00A39002201EB60
:101860008101C3F8FC2FC3F80815D3F8FC2F002A18
:1018700038D0FFF72DFDD8E7012917D81C4BC9B286
:10188000D970D2E71A4A1B4BC9B25170D3F8FC2F5A
:10189000002ACAD0C3F80C15C7E7072906D8144B8D
:1018A000C1F380011970FFF775FCBEE7022008BD87
:1018B00093F804C093F807E09A795979130643EA3C
:1018C0000E2343EA0C0343EA0143C0F86C36ACE74D
:1018D000084BD3F8FC2F002ACBD1C3F8FC1FFFF72D
:1018E000CBFDC6E70122C3F8FC2FFFF7C5FDC0E71B
:1018F000BC01002000100040184B1B7803B170475A
:1019000000B503F0FF02164BD3F8301183B029B9AC
:10191000D3F8342192B903B05DF804FBC3F8302149
:10192000D3F8302100920F4B00990F48012283F821
:10193000802003B05DF804EB05F02CBDC3F8341132
:10194000D3F83431019381220648019B10F009F845
:1019500003B05DF804EBFFF7BBBC00BFBC01002087
:101960000010004088120020C401002000B585B09E
:101970000346002101AA44F20100CDE901110393BD
:1019800000F004F805B05DF804FB00BF72B6094B27
:10199000D3F8F030DB0700D500BEBFF34F8F054909
:1019A000054BCA6802F4E0621343CB60BFF34F8F6C
:1019B00000BFFDE700ED00E00400FA0572B6024A40
:1019C0001368013313607047A0130020034A1368A3
:1019D000013B136003B962B6704700BFA01300203B
:1019E000044A137923B90121106091801846704789
:1019F00085207047A4130020084B1A68D20707D52A
:101A0000074A4FF080410123C1F818351370704721
:101A1000C02283F8002301221A60F1E700E100E010
:101A2000286D00204FF08043002282B0C3F80421CB
:101A3000D3F804210192019802210122C3F8041372
:101A40009A6002B0704700BF10B54FF0804382B07B
:101A5000D3F8002162B10021164AC3F80011D3F86F
:101A60000011507900910121009CC3F80813A8B11E
:101A70004FF08043D3F80421CAB10022C3F80421F7
:101A8000D3F80421019202210A4A0198C3F80813ED
:101A90001368012002B0BDE8104018471368517167
:101AA00098474FF08043D3F80421002AE5D102B0D3
:101AB00010BD00BFA413002030B41E4C437944F87D
:101AC00023201D4C03EB4303E35C83BB8A7890F92E
:101AD00004305201002BD2B224DB03F1604303F542
:101AE000614383F8002390F90430002B09DB134D88
:101AF0004FEA531C012203F01F0302FA03F345F8D7
:101B00002C3003680A88C3F8082543790879C97816
:101B100003EB4303E21850700120E0549170002061
:101B200030BC7047064D03F00F03EA54DBE7082092
:101B300030BC7047B0130020AC13002000E100E07F
:101B400014ED00E00368044A01211960437903EBB6
:101B500043030221D1547047AC13002010B4036832
:101B6000002483B0C3F80041D3F800410368019416
:101B70000122019CC3F8442311B10368C3F8042374
:101B800003B05DF8044B70472DE9F041274E284F14
:101B9000DFF8A08084B000244FF48035D6F80433F9
:101BA0002B4211D057F824300022E0B263B1C6F8BE
:101BB0004853C6F8085347F8242057F824200392C6
:101BC000D8F80030039A98470134032C4FEA4505B2
:101BD000E4D1164BD3F80423D10702D5D3F8002162
:101BE000C2B9124BD3F80423920710D5D3F80421BD
:101BF0006AB10022C3F80421D3F804210D4B0192ED
:101C0000019A1B68052004B0BDE8F041184704B0F4
:101C1000BDE8F0810022C3F80021064AD3F8003164
:101C2000029304201368029A9847DAE700B0004054
:101C300040B10040B013002030B5214C94F86A3018
:101C400083B0002B38D104F1300304F160014FF070
:101C5000FF3243F8042B8B42FBD1194A002302F1D7
:101C600058004FF0FF31072B42F8041B04D8013312
:101C7000072B42F8041BFAD9C15401330C2BF2D1C3
:101C8000062200210F480FF06CFE0F4BC02283F894
:101C9000062340221A600D4B0020C3F87C01D3F8C4
:101CA0007C210192019D4FF00042012184F86A10CD
:101CB000C3F8042303B030BD082003B030BD00BF1B
:101CC000B41300201814002000E100E00060004080
:101CD000034B93F86A00003818BF0120704700BF1B
:101CE000B4130020F0B5444D2B1893F93030002B7D
:101CF00001DB0820F0BD8E78C6F34006002E14BF2D
:101D00000023082303F1804C0CF1FF3C05EB8C0C05
:101D100014BF4FF0080E4FF00C0E02E001339E4549
:101D20003ED95CF8044F0134F8D12C1845F8232033
:101D30005AB284F8302016B9EC1884F858008C7820
:101D400067071ED4E60747D51F2887BF2B4C00F036
:101D50001F0606464FF0A04404EB8604D4F8006743
:101D600026F00206C4F80067254FC60800F0070EEB
:101D700017F806C0012404FA0EF444EA0C04BC551A
:101D80008C780978A4070DD4A2F1080345FA83F3EF
:101D900093F8602042EA811283F860200020F0BDB1
:101DA0000420F0BD9B0003F1804303F5C043020211
:101DB000D3F8100520F44F3020F44070C3F810051C
:101DC0000904D3F8100502F47C5201F440310A43AF
:101DD0000243C3F81025E1E71F284E7887BF074F5D
:101DE00000F01F0404464FF0A04704F5E074B6006D
:101DF00047F82460B8E700BFB41300200003005088
:101E00001814002030B4364C04EB000C82B09CF95E
:101E10003030072B10DD234493F858309B09032BF7
:101E200033D0012B0CBF4FF400324FF440321F2847
:101E300047D84FF0A04334E0DAB2072A22D89800FE
:101E400000F1804000F5C04003F14002D0F8105589
:101E5000920092B202F1804245F00105C0F810559F
:101E600002F5C042002001901060019A51B19CF926
:101E7000302054F822202AB11A49012202FA03F331
:101E8000C1F8043302B030BC70471F281DD84FF092
:101E9000A0421346D2F81025C24002F001020232DD
:101EA000120403EB8003D3F8001721F44031C3F888
:101EB0000017D3F800170A43C3F8002702B030BC5C
:101EC000704700F01F00084BEBE7074BD3F81025D5
:101ED00000F01F00C24002F0010202321204F2E7D9
:101EE000B41300200060004000030050194B03446D
:101EF00093F93030072B18DCDAB2072A14D810B463
:101F00009A0002F1804202F5C042134CD2F810054B
:101F1000012120F0010001FA03F3C2F81005C4F812
:101F200008335DF8044B704770471F2886BF0B4B82
:101F300000F01F004FF0A04303EB8003D3F800270D
:101F400022F44032C3F80027D3F80027C3F8002753
:101F5000704700BFB4130020006000400003005031
:101F60002DE9F04F0022164689B0CDE90222724BCE
:101F7000724C73480122354604E0043383424FEA31
:101F8000420211D019680129F7D1D4F80413114283
:101F9000F3D01D60196800910433834246EA0206BB
:101FA00000994FEA4202EDD1644BD3F87C1101292C
:101FB000F2B220D0D2B1634F01250024A30003F177
:101FC00080432E4203F5C0430BD0D3F8100557F8D9
:101FD0002420D3F81015C0F30520C1F3014102B14C
:101FE00090470134082C4FEA4505E7D1002E15DB58
:101FF00009B0BDE8F08F0021C3F87C11D3F87C3123
:1020000001934FF0A041019BD1F810154E4B029166
:10201000D3F810350393002A40F08B8000224B4DFB
:10202000CDE904224FF0FF330693A5F16308484C35
:1020300007934FF00009012614F9013F5A1C32D0D2
:10204000C3F3C20E0EF120020DEB020C03F00702E7
:102050001CF8087C06FA02F21742D9B203F03F00DE
:1020600021D008EB0007890997F9307058F82770DC
:10207000002F4CD003294CD01F288BBFDFF8C8E0BD
:102080004FF0A04E03F01F0303460EEB83031CF832
:1020900018ECD3F800C71EEA020FCCF3014C1AD09B
:1020A000BCF1020F40D0AC42C6D1B9F1000F9FD0B5
:1020B0004FF0A0430299D3F81035234A9942D2F841
:1020C000102502D10399914292D0CDE90232DDE987
:1020D00004230692ABE7BCF1030FE4D1032903D03C
:1020E000002FE0D0B847DEE74FF4003CD3F80027DC
:1020F00022F44032C3F80027D3F8002709F1010980
:1021000042EA0C025FFA89F9C3F80027E8E70329DD
:10211000C9D10DF1100B0DF1100A1BF80EB04BEAEE
:10212000020B0AF80EB0A7E70329D9D14FF4403CBF
:10213000DCE746F000463EE70061004000600040FA
:1021400020610040B4130020000300501714002049
:1021500013140020074B002282B0C3F80021D3F8EB
:1021600000210192019A044AD3F808051368C0B20D
:1021700002B0184700D000402014002010B5084CD1
:10218000D4F8003182B04BB1064B1B68984700234E
:10219000C4F80031D4F800310193019B02B010BDA6
:1021A000000001402414002070B5114B114A1D7825
:1021B0001160DDB9104E027801211970C6F80C25A6
:1021C000416804464FF47A720023C803490C0EF0AC
:1021D0005DFEC6F80405237A084A5B01DBB282F88B
:1021E00010334FF480331360284670BD082070BD53
:1021F0002A6D0020241400200000014000E100E0CE
:10220000044B054901220220C3F804231A60087018
:10221000704700BF000001402A6D002010B5044641
:102220000020FFF7CBFB0E4A1378072B11D80D497E
:102230002370581C1070D1F80805012202FA03F32C
:102240000343C1F8083500240020FFF7BFFB2046F8
:1022500010BD04240020FFF7B9FB204610BD00BFCD
:10226000296D002000000140034B044A00F5C070B6
:1022700043F82020704700BF000001403546526EF1
:1022800010B54FF0804386B0D3F80443620703D5FE
:10229000D3F80821002A62D1A30605D54FF0804368
:1022A000D3F81421002A4FD1600605D54FF08043A2
:1022B000D3F81821002A3BD1210604D54FF08043E2
:1022C000D3F81C214ABBE20504D54FF08043D3F874
:1022D0002021B2B9A30512D54FF08043D3F82421B1
:1022E0006AB10022C3F82421D3F82421214B05929E
:1022F000059A1B68022006B0BDE81040184706B0DA
:1023000010BD0022C3F820211A4AD3F820310493CB
:1023100001201368049A9847DCE70020C3F81C01E9
:10232000144AD3F81C3103931368039A9847CAE7F9
:102330000022C3F81821104AD3F818310293012063
:102340001368029A9847B7E70020C3F814010A4AB5
:10235000D3F8143101931368019A9847A4E7002237
:10236000C3F80821054AD3F8083100931368009A8E
:10237000984791E7281400202C14002030140020E6
:1023800008B5FFF77DFFBDE80840FFF75DBB00BF64
:1023900010B44FF080414FF080530020C1F80C0181
:1023A0005E4AC1F81001C1F83805D3F80404C2F838
:1023B0002005D3F80804C2F82405D3F80C04C2F8A9
:1023C0002805D3F81004C2F82C05D3F81404C2F879
:1023D0003005D3F81804C2F83405D3F81C04C2F849
:1023E0004005D3F82004C2F84405D3F82404C2F809
:1023F0004805D3F82804C2F84C05D3F82C04C2F8D9
:102400005005D3F83004C2F85405D3F83404C2F8A8
:102410006005D3F83804C2F86405D3F83C04C2F868
:102420006805D3F84004C2F86C05D3F83001D3F83E
:102430004444C2F87045082824D04FF08043D3F8B4
:102440000024D20744BF6FF00102C3F80024344ACD
:10245000D2F8883043F47003C2F88830BFF34F8F4E
:10246000BFF36F8F4FF01023D3F80022002A24DB34
:10247000D3F80432002B20DB2A4B2B4A1A605DF87C
:10248000044B7047D3F83421002AD6D12748284A74
:10249000284CC0F88C46FB20C2F81805D1F8E42E71
:1024A000D3F858422448134664F303034FF40072F0
:1024B000C1F8E43EC0F84026BFE7204A0123C2F835
:1024C0000435D2F80034002BFBD04FF0102312213A
:1024D0001A4AC3F80012D2F80034002BFBD04FF098
:1024E00010231221154AC3F80412D2F80034002B2D
:1024F000FBD000231149C2F80435D1F80034002B79
:10250000FBD0BFF34F8F06490D4BCA6802F4E0625F
:102510001343CB60BFF34F8F00BFFDE700C0004007
:1025200000ED00E0D40100200090D00300500040F6
:1025300000F00040488103000090024000E00140AC
:102540000400FA0510B580B1012800D010BD0E4C72
:102550002369A070002BF9D01A6822615B68012002
:1025600098472369002BF7D1F0E7074CA3680122B5
:102570006270002BEAD01A68A2605B68002098475E
:10258000A368002BF7D110BD3414002038B50A4CD5
:10259000237813B18525284638BD08486360A360B9
:1025A0002361E360FFF71CFA0546FFF725FA0123D4
:1025B0002370284638BD00BF341400204525000094
:1025C00038B5194DAB78044673B110B1436801209A
:1025D00098470020FFF7F2F9EB680133EB60BDE8A4
:1025E00038400020FFF7F2B903F0FF00FFF7E6F9EB
:1025F00064B12A6942B1944208D0134601E09C427A
:1026000004D01B68002BFAD122602C61EB683BB12F
:10261000EB680133EB60BDE838400020FFF7D6B926
:10262000FFF700FAF4E700BF341400200649074A18
:10263000074B9B1A03DD043BC858D050FBDCFFF767
:10264000A7FEFDF7F5FE0000F85F01000000002086
:1026500040040020FEE7FEE7FEE7FEE7FEE7FEE7B8
:10266000FEE7FEE7FEE7FEE72DE9F04F131F914678
:1026700002F56F7483B0002243F8042FA342FBD10C
:10268000304FDFF8C8A0064600221FFA82F84FF04C
:10269000000C934604E00CF1020CBCF1F00F40D0AA
:1026A0004A8808EB0C039BB29A42F4D92648019160
:1026B000624600F1080E00240025A7FB0213DB0987
:1026C000C3EB0313A2EB031330F9021B36F81330EC
:1026D000704502F10102C1FB8345EED1002D019945
:1026E000B5BF53464FF480434FF0FF3000201B1915
:1026F00040EB05058A880C89DB0B53EA45434FEA1A
:10270000620016D5C01AB0FBF2F040426442844227
:10271000B8BF044649F82C400CF1020CBCF1F00F94
:10272000BED15A4609F1040906F5F0763AB90122FC
:10273000ABE70344B3FBF2F0A042EBDCE6E703B007
:10274000BDE8F08F898888881437010000C0FFFF3A
:102750002DE9F04F9BB003290C46904601461D46DB
:102760004FF0200201A828BF00240FF069F9002DC6
:102770003AD0254B50266FF0030216FB04260024A6
:102780001E44A346242301AA40210AA8CDF824B060
:1027900001F0F0FDA5420BF1010B25D9C4EB44700B
:1027A0000AAB03EBC00008EB440204F1080E00F191
:1027B000040C5CF8343050F834A003F00103B14647
:1027C000002102E00131132911D059F8047F574547
:1027D000F8D389B203B161B9013409B2744522F862
:1027E000021B0DD0A542E4D11BB0BDE8F08F002B39
:1027F000F2D04942013409B2744522F8021BF1D1EA
:10280000A542BFD8F0E700BF1C370100F0B5E7B024
:102810000C46054616460021882210A81F460FF0D8
:10282000A0F8882C39D82946224610A80FF008F9BC
:1028300032AD10A8046884F0363440F8044BA84246
:10284000F8D12846FDF7BCFD882210A9284601F0E2
:1028500019FE3A463146284601F014FE29466846DC
:1028600001F016FE10AC236883F06A3344F8043B91
:10287000AC42F8D12046FDF7A3FD10A920468822DE
:1028800001F000FE20226946204601F0FBFD6C9815
:10289000214601F0FDFD67B0F0BD2246294608A89B
:1028A000202401F02BFE0DEB0405BCE72DE9F04FD1
:1028B000ADF2544D064617460D4601924349DDF8E8
:1028C0007844092203A898460FF0BAF8314620222E
:1028D0000DF115000FF0B4F8294620220DF1350056
:1028E0000FF0AEF8394618220DF155000FF0A8F898
:1028F000374F384E4FF00009A4F1040A0DF1700B68
:10290000019A09F0070352F8233087FB0312DC1702
:10291000C4EBE23404EB04441C1BE517002C03DA7F
:1029200014F1011445F100054FF478715846622303
:1029300003AA8DF86D9001F01DFD002108465BF89B
:102940000120A6FB02C31B0C043103EB0343B2F1CD
:10295000FF3F00F1010E89B2A2EB0302EFD058F85D
:1029600020C01FFA8EF087FB0C3E4FEAEC73C3EBDE
:10297000EE3303EB0343ACEB03034FEAE37C002BA2
:1029800003DA13F101134CF1000CA3FB023E1B19F7
:1029900002FB0CEE4EEB050E13EB0E0343F10003AE
:1029A000A6FB0324240C04EB0444F028A3EB04044A
:1029B0004FF00005C3D109F10109B9F1100F4AF830
:1029C000044F9DD10DF2544DBDE8F08FD41E01008F
:1029D0000180FF7F0100FFFF70B5164C0E461546C3
:1029E000A0F1040CA2F1040E00F56F715CF8043F35
:1029F00084FB0302D817C0EBE23000EB00401B1A47
:102A000001D513F101138C454EF8043FEED10A496C
:102A1000321F05F56F753C3652F8040FA1FB0043D9
:102A20001B0C03EB0343C01AB24245F8040FF3D169
:102A300070BD00BF0180FF7F0100FFFF2DE9F84F4F
:102A400004460D46002A3ED1DFF88890A5F1020821
:102A50004FF0000B05F5FF75C446A9F50060494627
:102A60005A460FE00F684E6817EB0E0743EB06035C
:102A7000C1E900730132654592B201F1080100F12C
:102A8000080013D03CF9023F27684FEAE37AFF2A97
:102A9000A7FB03E307FB0A33E4D907684668B7EBF3
:102AA0000E0766EB0303C0E90073E3E70BF10106D1
:102AB0001FFA86FBBBF5807F09F1080904F10404C5
:102AC000CAD1BDE8F88F4FF40062002101480EF032
:102AD00048FFB9E7400400202DE9F04F99B01446B3
:102AE0008A4620221946804605A8DDF888B0DFF81E
:102AF0007C91544F0EF0A4FF534A4FF4407321468B
:102B000005A8FFF725FE9DF81410504A81F05101E9
:102B10004FF440738DF8141005A82146FFF718FEF6
:102B20009DF814304A4A83F0A303214605A88DF886
:102B300014304FF48073FFF70BFE464B4649CDF837
:102B400088B00026ABF1040003F5FF65CDF80CA0BA
:102B5000B3463D4ECDE901B15FFA8BFA00248346BE
:102B6000092249460DA80EF06BFF202241460DF1C7
:102B70003D000EF065FF2B230DAA4FF4806138460F
:102B80008DF85D408DF85EA001F0F4FBA2B2B2FAC0
:102B900082F23146520938460134FFF74FFF032CC9
:102BA00006F50076DCD102992C4A5846DDF804B0CF
:102BB000064602F108048C4652F8083F3CF902EF41
:102BC000AA42734446F8043FF6D10BF1010BBBF166
:102BD000030F01F5007100F58060BAD11A49DDF8E4
:102BE0000CA0DDF888B0012208F12000FFF726FFD5
:102BF0001B49002208F58460FFF720FF194908F5FA
:102C000002600022FFF71AFF124B1749AAF1040ACB
:102C10000BF6FC3B03F500665AF8043F54F8080B2A
:102C200031F9022FB3F5004F88BFA3F10113C3EBB5
:102C3000034302441344B4424BF8043FECD119B0AF
:102C4000BDE8F08F4814002048200020481A0020DA
:102C50004818002040040020461A002038040020B4
:102C6000482200204824002046180020E01E0100D1
:102C70002DE9F84F0D460446014616462846012226
:102C8000FFF7DCFE04F5007105F580600022FFF718
:102C9000D5FE04F58061214CDFF888B005F50060B1
:102CA0000022FFF7CBFE4FF0000905F6FC35043E8D
:102CB00004F5006A47F6FF776FF4803812E0C01918
:102CC00049EB0903C31843F10003ABFB0312D20B1A
:102CD000C2EB02429B1AC01AA0FB0803544546F8F7
:102CE000040F16D054F8081B55F8040F0C4A401A6C
:102CF0004FF0FF33E3D5381A2CBF012100210EF02D
:102D000075F8014307D010F10110544546F8040F3F
:102D1000E8D1BDE8F88F0020E0E700BF40040020C4
:102D20000100FFFF0180008070B50D4B0D481B783E
:102D3000006882B015460C460B4A00904021284698
:102D400006F07AF932210646204603F0E9FD26EA2C
:102D5000E6722946204602B0BDE8704003F030BE5E
:102D60004A6D0020086D0020EC1E010010B4094AD5
:102D70006846602888BFADF16000131D984206D3F5
:102D8000054C11461A46043398420C60F9D25DF89E
:102D9000044B7047506D00205AA55AA50648074AB3
:102DA000904207D2064902E00430904202D2036802
:102DB0008B42F9D0101A7047506D0020000004209B
:102DC0005AA55AA500487047506D00002DE9F04FF4
:102DD000BFB0036806934368079383680893C3688A
:102DE0000993354B009303690A93436902938369FE
:102DF0000B93C3690C93036A0D93436A0393836A2D
:102E00000E93C36A0F93036B1093D0E90D320492B3
:102E1000C26B1192026C1292426C1392826C1492E9
:102E2000C26C1592026D1692426D1792826D1892C5
:102E3000C26D0592026E1992426E1A92826E1B92B8
:102E4000C26E1C92026F1D92426F1E92826F1F9281
:102E5000D0E91FA22092D0F884202192D0F88820B7
:102E60002292D0F88C202392D0F890202492D0F88F
:102E700094202592D0F898202692D0F89C20279272
:102E8000D0F8A8202892D0F8AC202992D0E92C21A3
:102E90002A91D0F8B8102B91D0F8BC102C91D0F812
:102EA000C0102D91D0E92897D0F8C4102E913D90F4
:102EB0009B46904602E000BF581D01000E9A069BFB
:102EC00016981F9C079D0F9E534043406340179ADE
:102ED0000898109C83EA09032F9385EA0603534060
:102EE00083EA0A0383EA0706189D209A309680EA4F
:102EF0000406099C2898219B6E40059D84EA0B0CD2
:102F000056404640299A0A98049C8CEA050C8CEAA3
:102F1000030C199D229B8CEA020C80EA0401029AA0
:102F2000119869401A9D82EA00045940239B2A9A0D
:102F30000B986C40129D5C401B9B544081EA080139
:102F400080EA0502249801915A402B9D0C9B15990B
:102F500042406A40139D25985D401C9B5D402C9B20
:102F600045405D400D98149B43401D984340269872
:102F700043402D984340039848401E994840279964
:102F800048402E994FEA4C0E48404EEAD67E8EEAD3
:102F9000000E8EEA07073197079F17998EEA0707F9
:102FA00007970F9F8EEA07078EEA01013397770094
:102FB000179147EADC7716995F408EEA0A0ECDF842
:102FC000E4E087EA010E0699CDF83CE087EA090EB5
:102FD000CDF858E087EA010E0E99CDF818E087EA9F
:102FE000010E1F99CDF8C8E087EA010ECDF8E0E0A8
:102FF0000199670047EAD17730994F40219987EAD4
:10300000010E0999CDF87CE087EA010E0599CDF80B
:1030100084E087EA010E2999CDF8D0E087EA010E15
:103020000199CDF8ECE087EA0B0B4F002F9947EAA6
:10303000D4774F40109987EA010A209987EA010E58
:103040000899CDF838E087EA010E1899CDF814E018
:1030500087EA010E2899CDF8A4E087EA010E6F00F7
:103060001A99CDF8E8E047EAD27787EA0C0787EAB1
:1030700001092A9987EA010C1199CDF860C087EA05
:10308000010C2399CDF868C087EA010C0299CDF8AC
:10309000A8C087EA010C570047EAD5777E40199F00
:1030A000CDF8D8C086EA080E86EA070CCDF808E00D
:1030B000049F019986EA070E229FCDF820E086EA58
:1030C000070E0A9FCDF8A0E086EA070E460046EA02
:1030D000D3766640259C1B9FCDF8D4E05B0086EA42
:1030E000040843EAD0730B9C24984B4083EA040104
:1030F00001911C990C9C83EA070E2B9FCDF864E08C
:1031000086EA010ECDF824E083EA070E129FCDF87F
:1031100094E0584083EA070E2C9B139FCDF8DCE027
:1031200086EA030E74402F9BCDF8ACE086EA070ECA
:10313000309ECDF8B0E05F004FEA460E26994EEA89
:10314000D37E47EAD6778EEA050E57402D9D149B15
:10315000794087EA050687EA03022E9D159B1391A5
:1031600027998EEA01010A910D99794023911D99C1
:103170004F402697039F1E998EEA07072497009FCA
:103180008EEA05058EEA03033F688EEA010E069972
:10319000CDF89CE081EA070E009F07997F68CDF883
:1031A0002CE081EA070E4FEA1B57CDF830E04FEADA
:1031B0001A5E47EA0A3ACDF80CA04FEA5C5A4AEA8E
:1031C000C92A4FEA595949EACC2C4FEA853949EACC
:1031D00096490199CDF810C0B6034FEA485C46EA1B
:1031E00095464CEAD02C2507400540EAD82045EA10
:1031F0001118090741EA14111C05CDF8448044EA6E
:103200001238120542EA13321092179A0F9DCDF828
:103210004880D30043EA5578ED0045EA52750E9A8E
:103220001F9BCDF83C80D70C47EA4337DB0C43EAC1
:103230004233029A4FEAD208189A48EA4278D408F0
:10324000029A44EA42741494219C059A4EEA0B3E79
:103250004FEA440B4BEAD27B059ACDF870B04FEAA7
:10326000420B4BEAD47B1A9C089ACDF86CB04FEA1B
:10327000841B4BEA926B089ACDF808B04FEA821B88
:10328000099A4BEA946B199CCDF804B04FEA426B53
:103290004BEAD41BCDF878B04FEA446B099C0A9AEC
:1032A0004BEAD41B139CCDF874B04FEA022B4BEAC7
:1032B000146B0A9ACDF880B04FEA042B319C4BEA8C
:1032C000126B169ACDF87CB04FEA844B4BEA923BD6
:1032D000169ACDF868B04FEA824B4BEA943B0B9AB2
:1032E000CDF864B02AEA0E0B82EA0B0BDDE9032469
:1032F000CDF814B024EA020B0C9C84EA0B0BCDF839
:1033000020B020EA0A0B8BEA0E0BCDF824B0069A07
:10331000049C22EA060B2EEA020E8BEA000B039AAB
:10332000CDF82CB026EA00008EEA060E079ECDF8F6
:1033300034E080EA0A0A2CEA040080EA020E22EA5B
:10334000060026EA0906109ACDF818E086EA0C0E67
:1033500029EA0C0C8CEA040CCDF81CC080EA090C9C
:1033600025EA0200129ECDF838C080EA010C0F98C1
:10337000119CCDF840C020EA060080EA040C27EA40
:103380000500CDF844C080EA020C22EA010221EADD
:1033900008010F98CDF848C081EA070C28EA070712
:1033A000CDF854C087EA050C149DCDF84CC082EAD4
:1033B000080C23EA000224EA0501CDF85CC082EA89
:1033C000060CCDF83CC081EA030C25EA030326EA8B
:1033D0000402CDF858C01B9E1999CDF828A083EAA5
:1033E000000C0198CDF850C020EA060382EA050CD3
:1033F000CDF860C083EA010CCDF830E00299CDF839
:1034000084C01C9F249A329D2B9C21EA07031A99A1
:1034100083EA010C239BCDF888C04FEAC26E4EEAC6
:10342000531ED906339B4FEA157841EA521148EAF8
:103430000318349A1B0F43EA0513299D4FEA82298A
:1034400049EA9559AD0245EA92522A9D0392289A7B
:103450004FEAC53C4CEA524CD20342EA5542259D04
:103460004FEA152A4AEA046A240A44EA05641D9DC3
:103470002494199C25EA000080EA060B26EA040041
:1034800026461F9CCDF86CB026EA040686EA050B9A
:1034900024EA0506019DCDF874B086EA050BCDF847
:1034A00070B01E9D80EA040B02981A9CCDF87CB087
:1034B00025EA000080EA070B27EA0400209FCDF8E8
:1034C00064B024EA070686EA050B3C4627EA0506AF
:1034D000029FCDF878B086EA070BCDF868B080EA95
:1034E000040BCDF880B0359C369E379D279FA008F1
:1034F00040EA867BB008CDF8ACB040EA847B2C98DB
:10350000CDF8A4B06E0A46EAC056400A40EAC55B50
:10351000269DCDF8A8B0680E40EAC71B780ECDF8FE
:1035200004B040EAC51B389D3998CDF808B0EF0DBE
:1035300047EA402430943B9C3A9FC00D40EA452B1B
:10354000A000CDF8C4B040EA977BB800039FCDF847
:1035500010B027EA080B8BEA010B40EA94705C4636
:1035600029EA030B8BEA0E0B5D4622EA070B8BEA76
:10357000080B039FCDF88CB028EA010821EA0A0164
:1035800081EA020B2499CDF894B02AEA020282EA79
:10359000070B88EA0A082CEA0902CDF89C8082EA27
:1035A000030823EA0E032EEA010E8EEA0C0E21EA2E
:1035B0000C0C8CEA090CCDF890C083EA010C05993B
:1035C000109BCDF80CB081EA03091B99CDF898E067
:1035D000CDF8A0C089EA01092D94089B11992E9578
:1035E00089EA0409199C239F149ACDF8BC8083EAC8
:1035F000010E8EEA040E0999129C069B8EEA050EB6
:1036000081EA04051C9C1A9965400F9C63404B405D
:1036100083EA080C0A99139B1D9CCDF8D0C0594031
:10362000079B7D4061405F4653401E9A169C79403F
:10363000249F534083EA070B159A0B9B259F83EA2F
:10364000020C1F9A209B8CEA020C0C9A8CEA070C45
:103650006240269F179C5A4082EA07033593219BBC
:103660000D9A279F63405340229C189A54400E9A0B
:103670007B40289F544084EA07023692019A2B9F90
:10368000029C22EA060888EA07082A9A89EA0809B9
:10369000CDF8AC9024EA0209299A309C89EA020903
:1036A000019A8EEA090ECDF8B0E024EA020E224615
:1036B0008EEA060E27EA000A26EA070620EA020733
:1036C000019A8AEA040A544687EA020A574686EAB9
:1036D000000A85EA0E06504601968CEA040A029E0C
:1036E0003294319C299A339043402A98309724EAA7
:1036F00006067940464020EA0207049822EA0000C4
:1037000080EA040C049A0498654620EA040087EADB
:10371000020C029C349A02956040644682EA060CD0
:103720002A46359D049455402A46369D65402C46D0
:10373000019D8BEA00074FEA4C0B4BEAD57B199DA4
:103740008BEA040B85EA0B052995119D89EA0B0983
:10375000CDF8C49085EA0B092E9DCDF8D49085EA6A
:103760000B09089DCDF8EC9085EA0B09019DCDF879
:1037700044904FEA450949EADC791B9D89EA03092F
:1037800085EA090B109DCDF864B088EA0908CDF8E8
:10379000B88085EA09082D9DCDF8D08085EA090812
:1037A000059DCDF8E88085EA0908CDF840802C9D7C
:1037B0004FEA470848EAD17888EA05080F9D85EA6C
:1037C00008092F9DCDF8149085EA0809069DCDF8CB
:1037D0006C9085EA08091A9DCDF8A89085EA080939
:1037E00086EA0808CDF8F0802B9ECDF8D8904FEAF5
:1037F000410848EAD77888EA0608129E239D8EEA97
:10380000080E85EA0809099DCDF83CE04FEA420E12
:10381000CDF868904EEADA7E85EA08091C9DCDF85D
:103820008C908EEA0C0E85EA080986EA080680EA82
:103830000E0814981E9DCDF8788080EA0E08249812
:10384000CDF8B48080EA0E080798CDF8DC8085EAD0
:103850000E0C019DCDF8BC9080EA0E0E4FEA4A0096
:1038600040EAD27068401D9DCDF8E0E085EA000E88
:10387000309D85EA0008139DCDF8708085EA000828
:10388000039DCDF8748085EA00080A9DCDF8188064
:1038900085EA0008600040EAD3705B00784043EAA4
:1038A000D473259F1F9DCDF81C804B4087EA0304ED
:1038B0000B99269F85EA030B87EA0009CDF87CB0B7
:1038C00081EA03070C99209D85EA000B329DCDF813
:1038D00080B085EA030B159DCDF8C0B085EA030BD7
:1038E000029D169BCDF8E4B085EA000B81EA000842
:1038F000CDF8C8B02B9983EA000B2C98CDF820B0F6
:103900004B004FEA400B4BEAD17B43EAD073279937
:10391000339883EA0A035940249128998BEA020BD1
:1039200081EA0B0125910D99189A80EA0305049804
:10393000594080EA0B0A26911798219958404B402C
:103940000E99339381EA0B032193229B109982EA0B
:103950000B0283EA0B0B009BCDF828B09B6881EA31
:10396000030BCDF82CB00099CB6801F1100B119925
:10397000CDF800B081EA030B0599CDF834B0330DD2
:1039800043EA013B0B0D43EA06364FEA5E530996C4
:1039900043EACC264FEA5C5C4CEACE2C4FEA495312
:1039A000CDF808C043EAD42C4FEA8A33CDF830C0B2
:1039B00043EA954C4FEA0873CDF80CC043EA171C54
:1039C0003F071305CDF850C047EA181CCDF838C0A2
:1039D00043EA103C000540EA123012901998299FE2
:1039E0001A99CDF84CC0C200FB0042EA57721B9FE7
:1039F000019643EA507CFB0CCDF854C0CE0C43EA50
:103A0000413C1C991E9BCDF858C046EA4736CF086A
:103A100047EA4377DB0843EA417C2A990492239AD8
:103A2000CDF85CC04B0043EAD27C5300CDF864C0B3
:103A300043EAD17C2D991D98CDF860C08B0143EAF3
:103A4000906C8301CDF86CC043EA916CCDF868C0EE
:103A500020981F9A2499430643EAD21C5306259ABC
:103A6000CDF870C043EAD01C1302CDF814C043EA6D
:103A7000116C090241EA1261319A2E98CDF878C092
:103A8000930443EA903C4FEA804E2198CDF87CC0E5
:103A90004EEA923E269AC30643EA521CD306CDF85C
:103AA00084C043EA501C3498359ACDF880C0030F87
:103AB00043EA021C130F369ACDF888C043EA001C73
:103AC0002F98CDF88CC0930243EA905C8302CDF826
:103AD00094C043EA925C379A0698CDF890C0D3031D
:103AE00043EA504C069B3298CDF89CC0DB0343EA76
:103AF0005243309A4FEA102C640544EAD9244CEA28
:103B0000026C4FEA1229079ACDF8A0C049EA006971
:103B100038984FEA920C4CEA807CCDF8A4C04FEA6A
:103B2000900C0798089A4CEA807C3998CDF8A8C088
:103B30004FEA502C4CEAC25C089ACDF8ACC04FEA70
:103B4000522C4CEAC05C33980A9ACDF8B0C04FEAC8
:103B5000506C4CEAC21C0A9ACDF8B4C04FEA526CC1
:103B60003B9A4CEAC01C3A98CDF8B8C04FEAD25CF8
:103B70004CEA402C4FEAD0583C98CDF8BCC048EAFB
:103B800042280F9A4FEA800C4CEA927C0F9ACDF8AB
:103B9000C0C04FEA820C019A4CEA907CAD030B98AE
:103BA00045EA9A4522EA0B0A80EA0A0A099A02982B
:103BB000CDF818A020EA020A0D98019A80EA0A0AB4
:103BC000CDF81CA0109824EA020A8AEA0B0A019A8E
:103BD000CDF820A02BEA000A20EA050B8BEA040BA3
:103BE00025EA04048AEA050ACDF82CB084EA020B1F
:103BF000CDF828B0CDF834A00C9D0298099A25EA9A
:103C0000000484EA020A119C0398CDF824A022EA59
:103C100004050C9A24EA000484EA020A20EA020459
:103C20000298CDF830A084EA000A0398049ACDF8EF
:103C300008A085EA000A1298CDF80CA022EA000438
:103C40000E9A1398149D84EA020A159CCDF838A0A8
:103C500024EA0004049884EA050A26EA000412987B
:103C6000CDF83CA084EA000A20EA020022EA070418
:103C7000049ACDF840A084EA060A27EA0606CDF8A1
:103C800048A086EA020ACDF810A080EA070ADDE91A
:103C90001547179E1398CDF850A027EA040282EA30
:103CA000000B25EA060282EA070A26EA070220EA52
:103CB0000500CDF84CA082EA040ACDF844A0DDE965
:103CC0001B5780EA060A059A1A9E1898199CCDF887
:103CD00054A022EA060282EA000A27EA0502CDF889
:103CE00058A082EA040A059ACDF85CA021EA0202F3
:103CF00082EA060A26EA000220EA0E00CDF860A059
:103D000080EA010A0598CDF86CA02EEA010181EA4B
:103D1000000A1E98259ECDF864A082EA0E0E20EAC5
:103D20000702CDF874E082EA050E25EA04021F9D21
:103D3000CDF814E024EA050181EA000E25EA00012D
:103D4000229CCDF870E081EA070E249F2099CDF8DF
:103D500068E082EA050E239D2198CDF878E027EAF5
:103D6000040282EA010E26EA050282EA000A23EA38
:103D70000702CDF87CE082EA040E24EA010221EA7F
:103D80000901CDF880E081EA030E29EA03035F40D0
:103D9000229782EA09072697CDF890E02799289C78
:103DA00021EA060383EA050720EA0402219782EA52
:103DB000010724EA010225EA000325972D982C9D8E
:103DC0002A9982EA0607239783EA04072B9C299AFB
:103DD0002E9E279728EA000320EA0409634089EA17
:103DE0000209289324EA020322EA0C0282EA080468
:103DF0002CEA080888EA00082F982B9483EA0C0321
:103E00002D9320EA0603309C6B40299325EA010399
:103E100021EA0402634026EA050742404F402E9300
:103E200000993D4B2C9224EA000272408B422A9268
:103E30007FF444A83D98069B0360079B4360089B62
:103E40008360099BC3600A9B0361029B43610B9BD8
:103E500083610C9BC3610D9B0362039B43620E9BBA
:103E600083620F9BC362109B0363049B8363119B5C
:103E7000C0F834B0C363129B0364139B4364149B68
:103E80008364159BC364169B0365179B4365189B4E
:103E90008365059BC365199B03661A9B43661B9B41
:103EA00083661C9BC3661D9B03671E9B43671F9B0A
:103EB000C0E91E3A209BC0F88030219BC0F88430B6
:103EC000229BC0F88830239BC0F88C30259BC0F81B
:103ED0009430269BC0F89830279BC0F890E0C0E94A
:103EE0002739289BC0F8A830299BC0F8AC302B9B01
:103EF000C0F8B8302C9BC0F8BC302D9BC0F8C03047
:103F00002E9BC0F8A470C0F8B080C0F8B420C0F8F0
:103F1000C4303FB0BDE8F08F181E01002DE9F04F0E
:103F2000B7B0A0F108099DF8008183460D4692467E
:103F30001E4600F1C0024B4600200021E3E90201C9
:103F40009342FBD1AE424FEAD50428BFCDF80C8096
:103F50003BD3D04648464FF0000E4A465F46CDE977
:103F600001E80023C34699469C461BF8011BA3F1B8
:103F7000200EC3F1200801FA0EFE21FA08F899403C
:103F800008334EEA080E402B4EEA0C0C41EA0909B0
:103F9000EBD150F8083FDDE901E883EA090303604B
:103FA00043680EF1010E83EA0C03A64508F10808E8
:103FB0004360D4D33846761B9146FEF707FFB542DF
:103FC000BB46AA44C5D9DDF80C8004AF79193B463D
:103FD000002203F8012B9942FBD1013D002E44D071
:103FE000711E51443B460AF1FF3A1AF8012F03F8BB
:103FF000012B5145F9D106F1D8030DEB030605F16C
:10400000D8030DEB030506F8C88C15F8C83C43F03F
:10401000800305F8C83C4FF0000E0023BC461E4646
:104020001D461CF8011BA3F12002C3F1200001FA78
:1040300002F221FA00F0994008330243402B46EA8D
:10404000010645EA0205ECD159F8082FD9F80430E9
:104050000EF1010E72406B40A645C9E9002307F13D
:104060000807DAD337B0BDE8F08F05F1D8030DEBC0
:1040700003058DF8108015F8C83C43F08003C8E7AD
:104080002DE9F84FD0F8C8400E46D0F8CC10904635
:104090001A191F4641F10003B24273F100030546AD
:1040A00044D3A64235D04FF0000C08F1FF326346EE
:1040B00014EB0C0441EB0301E00840EA417004F00A
:1040C000070412F801EF55F83010E40005EBC00AC0
:1040D000A4F12009C4F1200B0EFA09F92EFA0BFB0A
:1040E0000EFA04FE81EA0E01DAF804E045F8301019
:1040F00049EA0B048EEA0404CAF80440D5E93241C7
:104100001CF1010CA6EB040043F100036045CFD87D
:10411000804400220023BF1B2744C5E932232846E0
:10412000FEF754FE0024B7422146BCD2002F4ED0E9
:10413000E20804F0070042EA4172C00098F800105B
:10414000A0F12003C0F1200605EBC20401FA03F33D
:1041500021FA06F6814055F832004840616845F87A
:10416000320033434B40012F63602ED007F1FF3CF8
:10417000C44401220026D5E93231D31846EB0101AF
:10418000D80803F0070318F801EF40EA4170DB009C
:1041900005EBC009A3F12001C3F120042EFA04F4B9
:1041A0000EFA01F121430EFA03FE55F83040D9F81A
:1041B0000430013284EA0E0446F100064B40E0452B
:1041C00045F83040C9F80430D5D1D5E932413F191E
:1041D00041F10001C5E93271BDE8F88F30B5D0F882
:1041E000C8404B1ED0F8CC104FEAD40C4CEA417CAE
:1041F00004F00701C900A1F12004C1F1200E00EB79
:10420000CC0502FA04F422FA0EFE8A4050F83C1063
:1042100051406A6840F83C1044EA0E0423F007035A
:10422000624003446A605A6802F10042002400259B
:104230005A60C0E9324530BD002900F082802DE986
:10424000F84F174600F1FF3E00221D460EEB010419
:10425000944626E0EB1A66EB46069B184CEB0606E6
:104260004FEAD30A4AEA467A07EBCA0603F0070385
:10427000D6F8049057F83AB0DB00C3F1200AA3F156
:10428000200609FA0AFA2BFA03F343EA0A0329FA89
:1042900006F633430EF8013F01324CF1000CA645FF
:1042A0004AD0D7E932369A427CEB06099046D1D300
:1042B0009B1A66EB0C06C7E93236B1EB080600EB39
:1042C000080432D04FF0000A4FF0000B3846FEF7DA
:1042D0007DFD4FF0000E601E01E0754527D02EF0E9
:1042E00007014FEADE0339440EF0070CD1F80480D1
:1042F00057F833104FEACC0CCCF12002ACF120037C
:1043000008FA02F221FA0CFC4CEA020C28FA03F338
:104310000EF1010E4CEA030CB64500F801CFDCD1DA
:10432000A5EB0E050023C7E93253BDE8F88FC7E9B6
:1043300032AB2C44761BC9E7D7E9323608F10108C5
:10434000B6E7704713460A46A821FFF799BE00BF9B
:10435000A823FFF771BF00BF704700BF13460A468E
:104360008821FFF78DBE00BF8823FFF765BF00BF20
:10437000704700BF2DE9F04F414CD9B00E46A4FB69
:1043800006141F2100918146882126A8FFF7C6FD4B
:10439000872E4FEAD4152FD905EB051409EBC40479
:1043A0004F460DF58C78039526A8FEF70FFD0020EB
:1043B00024A90D46844655F8080F696807EB0C0ED2
:1043C0000023C3F1200BA3F1200A20FA03F201FA23
:1043D0000BFB21FA0AFA42EA0B02083342EA0A020C
:1043E000402B0EF8012BECD145450CF1080CE2D125
:1043F0008837A742D8D1039D214CA4FB0634E40999
:1044000004EB0414B6EBC40402D159B0BDE8F08F3C
:1044100026A8FEF7DBFC04AACB460DF1900C0DF5A7
:104420008C7896469246A1465CF8084FDCF80470FA
:1044300072460023C3F12006A3F1200024FA03F101
:1044400007FA06F627FA00F0314308330143402B00
:1044500002F8011BEED1C4450EF1080EE4D105EBC4
:1044600005154C460BEBC5035246013B544412F86C
:10447000011B03F8011F9442F9D159B0BDE8F08F38
:10448000F1F0F0F013460A468821FFF7F9BD00BFAE
:104490002DE9F0410F46A2B0062288210646384693
:1044A000FFF79CFE083FFEF791FC0DF18808EE46F1
:1044B00057F8085F7C68F4460023C3F12000A3F19D
:1044C000200125FA03F204FA00F0024324FA01F174
:1044D00008330A43402B0CF8012BEED10EF1080EE5
:1044E000C645E5D106F120016B4653F8042B46F88A
:1044F000042BB142F9D122B0BDE8F0812DE9F041A1
:10450000D6B013460622009206460A4624A8882101
:10451000FFF704FD24A8FEF759FC02AF0DF1880E49
:104520000DF588785EF8085FDEF80440BC4600238D
:10453000C3F12000A3F1200125FA03F204FA00F0F0
:10454000024324FA01F108330A43402B0CF8012BF3
:10455000EED1C64507F10807E4D106F1200102AB10
:1045600053F8042B46F8042BB142F9D156B0BDE8FC
:10457000F08100BF2DE9F04F802187B0082546F279
:10458000F7474FF0000C0A4682462A4B01920CF185
:10459000010903EB890ECDE904C5531E0293531C98
:1045A00049464FF0000BB9460393D0467746019B2E
:1045B000009103EB0B0A08EB8A060BF180443346AB
:1045C000013C08EB84045E461D46296881FB090115
:1045D00000F02AFC54F8042F121A45F8042B226824
:1045E0000136024456452260EFD3029B039A00999C
:1045F0000BF10100824538BF00235A4403EB020B44
:10460000BBF1FF0F04D8049157F8049F0131CEE7A6
:10461000DDE904C5019A013DC2464FEA520206D0C7
:104620000CF102038C46034951F82370ADE707B043
:10463000BDE8F08FF05801002DE9F04F85B0082457
:104640004FF480794FF00108031F039402464C4653
:10465000C3460293284B03EB840A5D460026D346EB
:104660005BF8041D06EB050AB24504F1FF34C1F105
:1046700000093ED906F18047029B0194013F02EBFD
:10468000870702EB8A063C4603EB8A083746164644
:1046900054F8041F3A680A44226057F8042B891A18
:1046A00047F8041C81FB090100F0BEFB444547F8B4
:1046B000040CEDD132460AEB0506FF2E019CCFD942
:1046C000039B013B4FEA450B0393C3D1029B02F5C9
:1046D0007F7B99464AF2FA3459F8041F81FB0401A2
:1046E00000F0A2FBD945C9F80000F5D105B0BDE83E
:1046F000F08F5646B4E700BFF058010070B500F1E6
:10470000FF3C531E02F11F0013F801EF0CF801EFFC
:104710008342F9D10D4602F1200402F5A466214638
:10472000284604F5A07400F0D3F9B44205F580657D
:10473000F5D170BD2DE9F04F1F46164683B0013B01
:10474000421E07F11F0513F8010F02F8010FAB42DB
:10475000F9D10D4607F1200407F5126821462846D5
:1047600004F5107400F0E0F9444505F58065F5D1D5
:1047700007F66F120024154606F57F712346204682
:104780004FF001099646A1F5806242F8040F8A4273
:10479000FBD115F8012FA242904632D3502A30D8CF
:1047A000A24219D904F61F1CBC4422464FEA032A30
:1047B00001931CF8013FA2420AEB030802F1010237
:1047C00003D91CF801BC9B451BD246F8289095F8EC
:1047D00000809045EDD8019B0133042B01F58061E9
:1047E00001D04446CFE7B8F14F0F72460DD808F616
:1047F0001F1A574401E0974204D017F8010F002810
:10480000F9D0012003B0BDE8F08F0020FAE700BF27
:10481000F0B507460E4E0020C2F1030501E06345E6
:1048200015D3947892F801E092F800C0240444EA89
:104830000E2444EA0C04C4F31604B4429CBF47F8A7
:10484000204001300332884205EB020CE7D3F0BD73
:1048500000E07F0038B5041F00F57F7554F8040FA1
:1048600000F0F4FAAC422060F8D138BD38B5041F2E
:1048700000F57F7554F8040F00F0F4FAAC422060A4
:10488000F8D138BD00B5A1F1040CA2F1040E021F4D
:1048900001F57F705CF8043F5EF8041F84450B440B
:1048A00042F8043FF6D15DF804FB00BF00B5A1F16A
:1048B000040CA2F1040E021F01F57F705CF8043FA6
:1048C0005EF8041F8445A3EB010342F8043FF5D1D1
:1048D0005DF804FB031F00F57F7153F8042F5203AA
:1048E0008B421A60F9D17047FFF744BEFFF7A4BEB0
:1048F000F8B50C1F161F051F01F57F7754F8041F2C
:1049000056F8040F81FB000100F08EFABC4245F816
:10491000040FF3D1F8BD00BFF8B50C1F161F051F1B
:1049200001F57F7754F8040F56F8041F00F0A2FA3F
:10493000BC4245F8040FF5D1F8BD00BF0A4B9942BF
:104940000EDCA0F1040C00F57F7001E0844509D075
:104950005CF8043FDA1702EA43029B1A9942F5DC3D
:10496000012070470020704700FC0F00F0B5ADF249
:10497000244D0646684600F0A3FB4FF452716A4688
:1049800035A8FFF7E5FC4FF4527335AA4FF4807158
:104990003046FFF73DFFFF2828D8174F0546A7FBF5
:1049A000031222F0010404EB52041C1BA3EB0403CA
:1049B00035AA1A4408D035A9022CCB5C8DF8D43026
:1049C00002D153788DF8D53035AB1819A8216A4635
:1049D000FFF7BEFCC5F5807106EB850004F1A80366
:1049E00035AAFFF715FF0544FF2DD8D96846FFF714
:1049F000B3FC0DF2244DF0BDABAAAAAAF0B5D7B016
:104A00000C46074622A8FBF793FC2146202222A849
:104A1000FFF7A4FC22A8FBF79FFC88210DEB010205
:104A20006846FFF7A1FC00231D460DF1FF341E462A
:104A300014F8011FA3F12002C3F1200001FA02F2D1
:104A400021FA00F0994008330243402B45EA010562
:104A500046EA0206ECD13B1F07F57F71002243F8BE
:104A6000042F9942FBD10821D92405E01DF801301B
:104A7000A34201F101010FD98829F7D122AA684682
:104A8000FFF772FC9DF800309C424FF002011CD2EF
:104A90009DF801309C42E9D357F8230047F82400E1
:104AA00005F0010252000134C2F101026D08B4F5B3
:104AB000807F45EAC67547F823204FEA5606DBD1CA
:104AC00022A8FFF755FC57B0F0BD0121E4E700BF75
:104AD00001F5A07291F801C00B7843EA0C2305316F
:104AE000C3F30903036011F8033C11F804CC9B01E4
:104AF00043EA9C03C3F30903436011F8023C11F835
:104B000003CC1B0143EA1C13C3F30903836011F8B0
:104B1000013C11F802CC9B0043EA9C138A42C3601B
:104B200000F11000D6D1704730B501F5107C0C783B
:104B300004604B7844EA032404608B7844EA03441D
:104B4000C4F3110404608A7892084260CB7842EA88
:104B5000831242600B7942EA83320931C2F31102B7
:104B6000426011F8053C1B09836011F8045C1030A9
:104B700043EA051340F8083C11F8035C43EA0533A7
:104B8000C3F3110340F8083C11F8035CAD0940F889
:104B9000045C11F802EC45EA8E0540F8045C11F85B
:104BA00001EC45EA8E25C4F50034C2F50032C3F5A8
:104BB0000033C5F500358C4540E9032340F8104C1F
:104BC00040F8045CB3D130BD00F1C00C0B78037029
:104BD0004A68033043EA821300F8033C4B68103103
:104BE000C3F3870300F8023C51F8082C43EA021390
:104BF00000F8023C51F8083CC3F3071300F8013CED
:104C000051F8042C604543EA820300F8013CDDD1F1
:104C1000704700BF2DE9F041884600F58056002717
:104C2000A6F580553C4622462846414605F5806556
:104C3000FFF79CFE0134B542A4B2F4D107F58077AA
:104C4000BFB2B7F5806F05F58056E9D1BDE8F081B8
:104C500010B50446FFF748FE04F58060FFF744FEF8
:104C600004F50060FFF740FE04F54060BDE8104029
:104C7000FFF73ABEF0B5ADF2044D05460F461646B5
:104C8000FFF736FE4FF48064321939196846FFF792
:104C90002FFE04F580646A4629462846FFF7F2FD98
:104CA000B4F5805FF0D10DF2044DF0BDF8B50446C7
:104CB00016460D4600F5805729462046324604F533
:104CC0008064FFF7D7FFBC4205F58055F4D1F8BDED
:104CD00070B504460D4600F5805620462946FFF77C
:104CE0002DFE04F5806410B9B442F6D170BD0120E8
:104CF00070BD00BF10B50446FFF7ACFD04F5806041
:104D0000FFF7A8FD04F50060FFF7A4FD04F540607F
:104D1000BDE81040FFF79EBD10B50446FFF7A6FDA5
:104D200004F58060FFF7A2FD04F50060FFF79EFD2B
:104D300004F54060BDE81040FFF798BDF8B50746A0
:104D40000E46154600242A193119381904F58064D5
:104D5000FFF7ACFDB4F5805FF5D1F8BD10B50446A2
:104D6000FFF7B8FD04F58060FFF7B4FD04F50060BF
:104D7000FFF7B0FD04F54060BDE81040FFF7AABDA5
:104D800010B50446FFF7B0FD04F58060FFF7ACFDF9
:104D900004F50060FFF7A8FD04F54060BDE8104091
:104DA000FFF7A2BD10B50446FFF7A0FD04F5806033
:104DB000FFF79CFD04F50060FFF798FD04F54060E7
:104DC000BDE81040FFF792BDF8B507460E46154600
:104DD00000242A193819314604F58064FFF788FD4C
:104DE000B4F5805FF5D1F8BDF8B507460E46154617
:104DF00000242A193119381904F58064FFF78CFD55
:104E0000B4F5805FF5D1F8BD70B504460D4600F5E8
:104E1000407629462046C034FFF7D6FEB44205F559
:104E20008065F6D170BD00BFC0EBC002034610B470
:104E300000EB8222044C084603EB4232C2FB0430F2
:104E40005DF8044B704700BFFF1F80FF00F5800333
:104E5000DB15C3EB432203EB8222C3EB423318443E
:104E6000704700BF024B03EAE0731844704700BF6D
:104E700001E07F0000F17F030246DB1142F60B40A8
:104E800000FB03F303F500031B16C3F12B00C0174F
:104E900023EA000081B10C490C4B01FB0022C2F552
:104EA0007F1101F5405103EAE1739A4205DD2B2899
:104EB00007D0013070472B2070470028FBD0013805
:104EC00070470020704700BF0018FDFF01E07F0021
:104ED0002DE9F041ADF5084D9CB00DF508441E4696
:104EE000D4F88C700DF508439033FF2F04F18C0437
:104EF0001C6800F2CE8040F67413994240F0C980DD
:104F00000DF5C35105461031684690462246FFF71D
:104F1000F5FB0DF561522B4630320DF5076108A8FF
:104F2000FFF708FC002840F0B4805E490DF50760EB
:104F3000FFF7CEFE0546002840F0AB804FF4A46397
:104F40002246402118A8FFF715FA28A8FBF7F0F928
:104F500028A8402218A9FFF701FA18A80146022242
:104F60000570477028A8FFF7F9F90DF508433A4690
:104F7000D3F8881028A88833FFF7F0F93246414665
:104F800028A8FFF7EBF928A8FBF7E6F928AA4021A3
:104F900018A8FFF7E9F928A8FFF7EAF908A90DF51D
:104FA0008E60FFF72BFD0DF5904069467030FFF7DE
:104FB00031FE0DF50760FFF74BFE0DF590410DF545
:104FC00021500DF5076270313030FFF76FFE0DF59F
:104FD0008E60FFF789FC0DF5C3501030FFF7BEFE61
:104FE0000DF5C3501030FFF7CBFE0DF5C352103254
:104FF00010460DF58E61FFF7E7FE0DF521513031BA
:105000000DF5C35208461032FFF798FE0DF52150FA
:105010003030FFF76FFE0DF521503030FFF7C2FE44
:105020000DF521503030FFF777FE0DF5215130316D
:105030000DF5615230320846FFF7D6FE0DF52151CD
:1050400030315CA8FFF7E0FE28A8FBF771F918A93A
:10505000402228A8FFF782F95CA94FF4407228A8E3
:10506000FFF77CF910AC28A8FBF776F928AA2021D5
:105070002046FFF779F928A8FFF77AF908AB22460E
:1050800001E0A34207D013F801CB12F8011B8C45B5
:10509000F7D04FF0FF3528460DF5084D1CB0BDE8A0
:1050A000F08100BFB2FF010010B584B0069C0294ED
:1050B0000024CDE90044FFF70BFF04B010BD00BF92
:1050C00030B583B004460D46ADF80420FBF7E8F890
:1050D000294620462022FFF735F9022201A9204661
:1050E000FFF730F92046FBF7EFF803B030BD00BF03
:1050F00010B5846882B01CB194F90830002B01DB34
:1051000002B010BD236A002BFAD01A68002AF7D02B
:105110000749097831B11B6A23B101909847236A86
:1051200001981A68002302B0BDE8104000F066BD87
:105130002B6D00202DE9F04782B006461248DDF8BD
:1051400028A00F469146984602F01CFA70B104461A
:10515000656843464A463946304625B1CDF800A039
:10516000A847054638B92468002CF1D10025284607
:1051700002B0BDE8F087B379012BF8D13A46314649
:10518000002000F029FBF2E7A42700202DE9F04FD2
:10519000AD4CAE4E05468BB02046884601F078F9FE
:1051A000C4F8A0508146307028BBA3792089013B08
:1051B000032B64D9636823F07F4323F0FF03002BA4
:1051C00050D06379032B00F01D81208900F01CFE74
:1051D000074600284ED0D0E90FA700F0FFFDBAF136
:1051E000000F00F0918098493846D047337863B378
:1051F0009946002700E00027B9F1C20F29D0DFF857
:105200006892384600F0EAFD3278C32A65D0BF2A9A
:1052100084BFA0223270022123898B4800F094FFC2
:10522000D9F8004020460CF019FC21460246864879
:1052300001F0C6FB4146844800F094FF414682B22B
:10524000284600F069FE96F8009048460BB0BDE88D
:10525000F08F384600F0C2FD96F8009048460BB03B
:10526000BDE8F08FC3232089337000F0CDFD0746E1
:105270000028B0D13378002BE7D09946BCE7294607
:1052800000F020FD0746002844D06379CDF8209037
:105290004022CDE90699ADF8162063BB23896C48FE
:1052A0004522022100F050FFA27A002A40F0A5809A
:1052B00007AB009364480DF11603002206A901F024
:1052C00049FB70B9089B002B2CDA624B8222DFF875
:1052D00098913270C9F8003093E7002232700321B0
:1052E0009AE7BDF81630402B28BF4023ADF81630A2
:1052F000079B0893E7E700F01FFF452203460121C3
:10530000534800F021FFCFE73378002B9DD099461A
:10531000574671E7DFF850914F4BC9F80030A3238F
:1053200033706EE708AA07F1840BBDF816300092BF
:105330004749454803935A46FFF7FCFE002846D1EB
:10534000099009A9404801F0F3FA8246434802F067
:1053500019F9814670B95AE007DD99F80830DB0683
:1053600003D509990B5C2F2B0BD0D9F80090B9F11C
:10537000000F4CD0D9F804000CF070FB8245EBD143
:1053800009990246D9F804000CF048FB0028ECD13A
:10539000A379012B00F0AD80022B00F0C480032B19
:1053A00000F0CF80042B40F0AA80D9F81CA0BAF1FD
:1053B000000F00F0A48008AB254900932248039B0E
:1053C0005A46D04799F80830590600F1DC8096F823
:1053D0000090B9F1000F7FF40FAFA37D1A0754D5E9
:1053E000DFF86C9099F90630002B4EDB99F81630F7
:1053F0001B074AD41A4BA12269E71A49144801F045
:1054000083FA55E70146284600F0BEF9DDE610486C
:10541000842101F073FA0E48842101F06FFA96F8A6
:105420000090B9F1000F7FF4E7AE094807F146019B
:1054300000F098FE80B2A7F84400B8B9C123DFF8A5
:1054400028903370DDE600BFF42600202D6D00208B
:1054500048260020441F0100641F0100A0270020EF
:10546000541F0100FF2600205802002096F80090EB
:10547000B9F1000F7FF4C0AE384600F03DFC96F85D
:10548000009048460BB0BDE8F08F637D089AD911B3
:1054900015D1002AC9D0DFF8FC90013218BF0122D3
:1054A0004023484601F072FAB9F8A420D9F8A810B0
:1054B000402A28BF4022484601F082FAAFE7079B06
:1054C000934221D001320699BDF81630DFF8C4901E
:1054D00030D001222F4801F059FABDF81620B9F852
:1054E000A43093429BD9D9F8A8102A4801F068FA51
:1054F00095E7D9F810A0BAF1000F7FF45CAF8521D1
:10550000244801F0FBF986E7DFF88890B9F8A42079
:1055100093421DD38223204989F8063048460F2242
:1055200001F04EFA7BE7D9F814A0BAF1000F7FF42E
:1055300042AFE4E7B9F8A4209A4294BF00220122C6
:10554000C8E7D9F818A0BAF1000F7FF434AFD6E756
:10555000D21ABDF8163006999A4294BF0022012251
:10556000484601F013FA0799B9F8A430BDF816209F
:105570005B1A9A4228BF1A46D9F8A83048461944FF
:1055800001F01EFA4BE7034A0449484600F024F9AB
:105590001DE700BF48260020441F0100F42600201C
:1055A00010B504460D486160214601F0EDFF94F905
:1055B0000830002B00DB10BD206A0028FBD0036AF6
:1055C000002BF8D00268002AF5D0054BC0E903345F
:1055D0000023BDE81040083000F010BBA0270020D9
:1055E000F150000008B50B4B1A7802B108BD01223A
:1055F00009481A7001F0C2FF084801F0BFFF0849CE
:105600000848FFF7CDFF00F081FCBDE8084000F03E
:105610008BBD00BF2B6D0020A4270020A0270020F9
:10562000741F010008020020014801F0ABBF00BF59
:10563000A027002002F050B82DE9F041054613489C
:1056400001F0A0FF0446E0B1DFF844800F4F0026D0
:1056500001E0246894B1294604F1180000F040FCF0
:105660000028F6D02146404602F068F82146384628
:1056700001F0DAFF24680136002CECD13046BDE899
:10568000F08106463046BDE8F08100BFA827002023
:10569000FC0100202DE9F041054618480F4616464A
:1056A00001F070FF044620B34FF00008294604F1D2
:1056B000180000F015FC18B194F82C30B34205D056
:1056C0002468002CF2D14046BDE8F08132463946CC
:1056D00004F12D000CF078F90028F1D1214608489A
:1056E00002F02CF80548214601F09EFF08F1010860
:1056F000E6E780464046BDE8F08100BFA8270020CD
:10570000FC0100202DE9F04706461D480F4601F038
:1057100039FF044678B3DFF86CA0DFF864904FF0EF
:105720000008DEB9251DBD4208D028460CF096F9C8
:105730003946024628460CF047F948B921465046FA
:1057400001F0FCFF2146484601F06EFF08F1010818
:105750002468002CE5D14046BDE8F087314604F1CD
:10576000180000F0BDFB0028DCD12468002CF5D126
:105770004046BDE8F08780464046BDE8F08700BF60
:10578000A8270020FC010020F8B5054610480E4669
:1057900001F0F8FE0446C0B10027294604F11800C4
:1057A00000F09EFB10B1E38EB34204D02468002CBD
:1057B000F3D13846F8BD2146064801F0BFFF044842
:1057C000214601F031FF0137F0E707463846F8BDC2
:1057D000A8270020FC0100202DE9F84F8B79012B30
:1057E00001D0BDE8F88F92F90630002B1546F8DBA2
:1057F000CB7C5B060C46F4D5D1F8A070002FF0D01E
:10580000D1F86480B8F1000F09D0B8F1010FE8D1E8
:105810008A7A38460B31BDE8F84FFFF73BBFD1F825
:1058200060B091F80AA0D4F85C9059463846FFF76A
:1058300069FF1D4801F066FF064658B3B9F1130F22
:10584000A8BF4FF013094A46B144594604300CF042
:10585000F7F8394606F1180089F8048000F02CFBAF
:10586000524604F10B0186F82CA006F12D000CF035
:10587000E7F80E48A6F83680314601F085FEB16B98
:105880004B1CB363284601F05DF8B36B23F07F43F4
:10589000B363A6E7A323AB7128460549BDE8F84FDB
:1058A000102201F08DB800BFFC010020A8270020C5
:1058B000881F01002DE9F04F83B00F46DDF83080DE
:1058C00093469946FFF7B0FE002800F0A080002420
:1058D00006462546019750E09D4207D34C4505D228
:1058E0002C230BF80430D8F80030013405F1030AFA
:1058F000AA1C01359D4207D34C450DD23C230BF821
:105900000430D8F8003001349A4205D34C4503D214
:105910002F230BF80430013470680CF09FF8D8F88E
:10592000002000EB0A0797422FD801D14C4541D304
:10593000F0687D1CA0B1037893B1D8F80030AB4279
:1059400006D84C4504D23B230BF80430F0680134F0
:105950000CF084F80237D8F800303D189D422ED85C
:105960004C4504D9D8F800302A1B9A4238D8304622
:10597000FFF760FE0646002844D0D8F80030002D1E
:10598000AAD101224FF0020AB4E77368A2EB0A021F
:1059900009F10101002AA8BF9B18091B0BEB0400A9
:1059A0002A4A03F049FB04444C4541D2D8F8003060
:1059B0009F42BDD33E230BF804300134B8E7F268B0
:1059C000DB1B09F10101002BACBFD318131C091B11
:1059D0000BEB04001D4A03F02FFB04444C45C6D9D1
:1059E000019F59462246384600F0EAFF28213846F2
:1059F00000F096FFD8F800304B44C8F8003003B0F0
:105A0000BDE8F08F019FB4B945B9002EF2D14FF037
:105A1000FF33C8F8003003B0BDE8F08F822138466C
:105A200000F06CFF0A490F22384600F0C9FFECE78E
:105A3000019F5546E7E759462246384600F0C0FF29
:105A40002821384600F06CFFDFE700BF9C1F0100F3
:105A5000441F0100014801F09DBC00BF2C02002042
:105A600038B5038804465BB35C2B25D1882901D067
:105A700082292BD100F0F4F8054648BB00F0D2F89B
:105A800050EA010324D0174BC9014FEAC01C41EA78
:105A9000506163458D411FD3BCF57A7F71F10003DE
:105AA0001DD34FF47A72002360460BF0EFF90146E4
:105AB0000D4801F037FA07E000230380032038BDCA
:105AC0000948802101F02EFA5C232380012038BD93
:105AD000064801F05FFCF7E74FF4F051E8E70121D9
:105AE000E6E700BFE7337500B42700202C02002052
:105AF00010B5FBF755F90C4A1368C31A03D10B4BC9
:105B0000D3E9000110BD094C10604FF47A72A3FB79
:105B10000232D8092368616840EA4260C01841EB4C
:105B2000D211C4E9000110BDB0270020600D002093
:105B30000148002101F03ABB2C02002070B5224B35
:105B40001A7882B0044652B3204801F01BFD21466A
:105B500005461E4801F068FD1C4801F013FD034690
:105B600050B3D4E90460002103E01A6819462AB34F
:105B700013461A6996425A6970EB020CF5D2134823
:105B8000224601F071FD114801F0FCFC854211D064
:105B90000F4B9B68019302B0BDE87040184701228B
:105BA0000A481A7001F0EAFC094B1B68002BCBD0A5
:105BB0009847C9E702B070BD002CE4D003482246E4
:105BC000194601F051FDDEE72C6D0020C4270020AE
:105BD000F05C0100074B10B55B680446984702462D
:105BE0000B46C4E9042321460348BDE8104001F0F8
:105BF0001BBD00BFF05C0100C4270020084970B540
:105C00004968054614461E468847241846EB010697
:105C1000C5E904462846BDE87040FFF78FBF00BFC6
:105C2000F05C010010B50C4801F0ACFC044678B102
:105C30000A4B5B689847D4E90434984271EB04023C
:105C400002D30020014610BD181A64EB010110BDFB
:105C50004EF66020214610BDC4270020F05C0100F4
:105C60002DE9F041154F7D68A847804614480E463F
:105C700001F088FC30B1D0E90423904576EB0301B4
:105C8000044602D20020BDE8F0810D48214601F013
:105C9000CBFC63680BB120469847BB68984708481F
:105CA00001F070FC0028EDD0D0E90464A847B042B0
:105CB000A1412CBF01200020BDE8F081F05C010073
:105CC000C427002070B5064609480D4601F01AFDAC
:105CD000044658B10023868080F8243029462630B7
:105CE00000F0EAF80348214601F04EFC204670BD62
:105CF0003C020020C82700202DE9F04190F8461012
:105D000011F0300504462FD190F82430042B13D81D
:105D1000B0F8442000F14601263000F0FDF894F878
:105D20002430B3B3226A5200226204F10800002337
:105D3000BDE8F041FFF762BF2630D4E90F67FFF7F7
:105D40007BFC04F10800FFF745FF1B48214601F0EA
:105D50006BFC1A48214601F0F1FC56B3294638463F
:105D60003346BDE8F0411847B0F8442000F1460141
:105D7000263000F0D1F804F10800FFF72BFF214690
:105D80000D4801F051FC21460C48BDE8F04101F0FE
:105D9000D5BC0B4BC4E903340BF01EFA094BA3FB33
:105DA00000239B0A40F2DD5202FB130202F6B832D6
:105DB000BAE7BDE8F08100BFC82700203C02002000
:105DC000C95D0000B76FA5AE806830B190F824308F
:105DD000013380F82430FFF78FBF704770B110B5E2
:105DE00004460830FFF7F6FE2146054801F01CFC8A
:105DF00021460448BDE8104001F0A0BC704700BF38
:105E0000C82700203C02002010B50446054801F0D8
:105E1000B9FB10B904E0006810B18388A342FAD13D
:105E200010BD00BFC827002070B5028804467AB1B3
:105E3000B2F5DA7F08D1184B1B788B4212D04FF4A1
:105E4000DA732380012070BD00232380032070BDFE
:105E50001146104605F070FC104A43F216331060EC
:105E60000382ECE70E4B1B789B07E8D50D4B0E4ADF
:105E70000E4D12880E4E03F120018A5A2A8200210B
:105E8000A9740FCB85E80F000A4B328819682846A1
:105E9000FFF77CF9D3E700BF426D0020E427002024
:105EA000456D0020D84500201E6D0020D027002021
:105EB0001C6D0020CC45002000B58B68D1F800C0D7
:105EC0004A68D1F80CE0C0F80CE0C0F800C04260AD
:105ED00083600B8A03828B7C83745DF804FB00BFB4
:105EE00038B5102205460C460BF06EFD58B92A8ACB
:105EF000238A9A4200D038BDA87CA37CC01AB0FA8D
:105F000080F0400938BD002038BD00BF01480021A5
:105F100001F04CB94802002070B582B0B8B1144607
:105F2000028848F2FE039A420E46054603D00A4B09
:105F30005B6A984758B1094A2B8A10680093224639
:105F40002B46314607F05CF8204602B070BD4FF09A
:105F5000FF34204602B070BD8C5D0100E4270020B4
:105F60000C2800B524D9B0F5867F0ED80C295AD953
:105F7000B1F5867F4AD80D38DD23507013700220AA
:105F80000D39115401305DF804FB6FF4867C0C2947
:105F900000EB0C034FD9B1F5867F24D80D384FF0B4
:105FA000ED0C1B0A907082F800C053700320E7E7E5
:105FB00000010C29C0B231D9B1F5867F21D940F05A
:105FC0000E0010704FF0010C002000F1020E0330A3
:105FD0006FF48673CB181B0A0D3902F80C3002F8E7
:105FE0000E105DF804FB4FF0EE0C0D381B0A82F822
:105FF00000C09070537005204FF0040E4FF0030C5A
:10600000E6E740F00D0010700120B9E70D38DE23FF
:106010005070137001204FF0020CD6E7014311704D
:1060200001205DF804FB61F02F010D3850701170F4
:1060300002205DF804FB61F01F011B0A0D3890700F
:106040001170537003205DF804FB00BFB3F1807F33
:1060500038B5A0EB01001C4615460ED30421FFF70E
:106060007FFF230E13540130230C2B540130230ADD
:106070002B5401302C54013038BDB3F5803F03D38D
:106080000321FFF76DFFEFE7FF2B05D843B9194652
:10609000BDE83840FFF764BF0221FFF761FFE6E784
:1060A0000121FFF75DFF2C54013038BD2DE9F04F81
:1060B00083B01F460C9B9DF834B000240133824608
:1060C0008E4691460193B8462646A44604E0019BBD
:1060D00001349C42A44622D817F80C3007EB0C057B
:1060E000A5EB08055B4509EB0602AAEB0E00294665
:1060F00002D00C9B6345EAD1FFF732FF06444146CC
:1061000009EB06002A460BF09BFC0134019B07EBD0
:10611000040801349C422E44D646A446DCD93046BD
:1061200003B0BDE8F08F00BF08B501F043FB014BA1
:10613000188008BD0C6D0020024B1888013080B219
:10614000188070470C6D0020F8B504460F461646BF
:106150001D46AC2200210BF004FC6771A67125815D
:10616000F8BD00BF2DE9F0430122002383B0016098
:1061700002710B7002680E461378017943EA8113AD
:1061800013700268437911781B0103F030030B434D
:1061900013700268837A117803F00F030B431370B6
:1061A000036882795A70038902681B0A9370036836
:1061B0000289DA7083790446002B00F0618102685D
:1061C000837A151D63B16FF0030100F10A03891A88
:1061D00013F8012F05F8012BA07A6A189042F7D81E
:1061E000E37C13F0020111D094F86A702A46394614
:1061F0000120FFF7B5FE3A46804604F16B012818EE
:106200000BF01EFC4744E37C3D4401211A0711D5E5
:10621000D4E910792A46C1F103003946FFF7A0FE00
:10622000494680463A4628180BF00AFC4744E37C6E
:106230003D440321DF0612D594F824702A46C1F1AB
:1062400004003946FFF78CFE3A46804604F12501EA
:1062500028180BF0F5FB4744E37C3D4404219806E5
:1062600006D5C1F10501090105F8011BE37C0521F3
:106270005A0607D5636E2A460620FFF7E7FEE37C41
:1062800006210544DB0907D02A46B4F85030072020
:10629000FFF7DCFE07210544237DDF070BD52F2305
:1062A0000193A36C0093E36C2A460820FFF7FEFEDF
:1062B000237D0821054418070BD52F230193E36D97
:1062C0000093236E2A460B20FFF7F0FE237D0B215F
:1062D0000544DA0607D5A38B2A460C20FFF7B6FE45
:1062E000237D0C2105445F0607D5236A2A460E202C
:1062F000FFF7ACFE237D0E210544DB090CD02623DD
:106300000193D4F8943000932A46D4F898300F20A3
:10631000FFF7CCFE0F210544637D980708D5B4F83C
:1063200068302A461120FFF791FE637D1121054454
:10633000DA060BD526230193636D0093A36D2A46DD
:106340001420FFF7B3FE637D14210544DB0918D048
:10635000606F94F8783000010BB140F00800B4F899
:106360007A201209002AB2FA82F3C3F11F0308BF90
:1063700000239BB203432A461720FFF767FE17212D
:106380000544A37D1F071AD5D4F8800094F8843003
:1063900000010BB140F00800B4F886201209002A71
:1063A000B2FA82F3C3F11F0308BF00239BB2034379
:1063B0002A461B20FFF74AFEA37D1B210544D80671
:1063C00007D52A46D4F88C301C20FFF73FFE1C214D
:1063D0000544E37D1A0711D5D4E90C792A46C1F1A9
:1063E00023003946FFF7BCFD494680463A46281847
:1063F0000BF026FB4744E37D3D442321DB0910D00D
:10640000D4E90E792A46C1F127003946FFF7A8FDE5
:10641000804649463A46281847440BF011FB3D4454
:106420002721A37EDB0612D42368EB1A3E2B19DC4E
:10643000B4F8A420F2B9D4F8A81028460BF0D4FA86
:10644000B4F8A430A81B184403B0BDE8F083D4F816
:1064500090302A463C20FFF7F9FD23680544EB1AEB
:106460003E2BE5DD084B094A002020601A6003B08E
:10647000BDE8F083FF2305F8013BB4F8A420DAE778
:10648000042003B0BDE8F08358020020C81F0100BB
:10649000032A40F2D7802DE9F04704460D4682B02A
:1064A00090460021AC220BF05CFA256095F800A024
:1064B0004FEA9A1A84F804A02B78C3F3011363718E
:1064C0002A7802F00F02A2726B78A3716B88BAF17E
:1064D000010F5BBA238140F08280082A00F2AE806F
:1064E0002E1D05EB0809B31899457BD3314604F1FD
:1064F0000B000BF0A5FA0822002104F113000BF0A9
:1065000030FAA37A1E44B14540F2A48000273146F8
:1065100011F8012B02F0F003F02B00F07B8189458C
:106520004FEA121302F00F025CD90D2B5ED00E2B36
:1065300067D00D2A61D00E2A6ED08E18B14551D386
:106540001F443C2F4ED804EBD70007F0070390F808
:1065500013C00AFA03F343EA0C03C3747B1E3B2BFC
:1065600072D8DFE813F0C20071005401A600B00039
:10657000B4007900890071007100900097007100EB
:106580004101280171003101710071004E0171005B
:106590007100CC00710071007100EB001A017100F4
:1065A000710071007100710071006600710071006E
:1065B000710066007100710071007100710071005E
:1065C0007100710071007100710071007100710043
:1065D0007100710071007100710071000C01B24B0B
:1065E000B24A1A60802002B0BDE8F0877378B11C0F
:1065F0000D338945F6D90D2A9DD111F8012B0D32A5
:106600009BE773781802B31C9945EBD9B37803F272
:106610000D13F11C0344ECE70A4612F8010B9145F7
:106620004FEA0020DED94A7802F20D12023102440C
:1066300083E79D4B9E4A1A60A520D4E79A4B9D4A5A
:106640001A60CFE780207047FB0700F14E81B1450B
:106650003FF65DAF0020C6E7134652B1013A0A4447
:106660000023013911F8010F8A4240EA0323F9D1CE
:106670009BB2A4F85030EAE7A06C002840F0DC8020
:10668000E164A264E3E7E06D002840F0FC8021664D
:10669000E265DCE7134652B1013A0A4400230139AE
:1066A00011F8010F8A4240EA0323F9D19BB2A38378
:1066B000CDE7082A28BF082284F8242004F1250009
:1066C0000BF0BEF9C3E7012384F89C30BFE7134603
:1066D0004AB1013A0A440023013911F8010F8A42F4
:1066E00040EA0323F9D16366B1E7082A28BF0822EC
:1066F00084F86A2004F16B000BF0A2F9A7E7002AE6
:1067000000F0EF80013A0A440023013911F8010F2B
:10671000914240EA0323F9D103F0070010218140A0
:1067200023F00F02824089B2C3F3C0001B0984F832
:106730007800A4F87A10E267636788E7002A00F01F
:10674000CC80013A0A440023013911F8010F91422B
:1067500040EA0323F9D103F007001021814023F020
:106760000F02824089B2C3F3C0001B0984F8840081
:10677000A4F88610C4F88820C4F8803067E74AB1CE
:10678000501E08440022013911F8013F814243EABA
:106790000222F9D1C4F8902059E74AB1501E0844AA
:1067A0000022013911F8013F814243EA0222F9D166
:1067B000C4F88C204BE7D4F8940000284DD1C4F8DD
:1067C0009810C4F8942042E7134652B1013A0A44A3
:1067D0000023013911F8010F8A4240EA0323F9D15D
:1067E0009BB2A4F8683032E74AB1501E0844002238
:1067F000013911F8013F814243EA0222F9D12262B4
:1068000025E7606D002857D1A16562651FE7C4E9DF
:1068100010211CE74D1BA8EB05081FFA88F8B8F1FA
:10682000400F28BF4FF040080023C4F8A810A4F878
:10683000A48001F808300DE7E36C01924FF02F0CB3
:1068400003F800C0A36CE06C0133A36418440BF0A0
:10685000CBF8A36C019A1A4413E7D4F8983001924C
:106860004FF0260C03F800C0D4F89430D4F8980008
:106870000133C4F8943018440BF0B6F8D4F89430CF
:10688000019A1A449DE7236E01924FF02F0C03F8F2
:1068900000C0E36D206E0133E36518440BF0A4F8EB
:1068A000E36D019A1A44F3E658020020F81F010034
:1068B0003820010010200100A36D01924FF0260C3A
:1068C00003F800C0636DA06D0133636518440BF0DD
:1068D0008BF8636D019A1A4497E71346102110460E
:1068E00044E713461021104621E7024B024A1A6082
:1068F000822078E65802002060200100FF299ABF1C
:10690000817101200020704710B5082A044628BF75
:10691000082282720B300BF093F8A07A10BD00BFF2
:10692000037D818343F0100303750120704700BF8E
:10693000037D13F008031DBF036E0B60C06D184686
:10694000704700BFC37C416643F04003C37401201D
:10695000704700BF8446407DC01115D010B411B1FE
:10696000DCF874400C6012B19CF87810117013B10F
:10697000BCF87A201A80019B1BB1019ADCF87C30AC
:1069800013605DF8044B7047704700BFA3F1100C13
:10699000BCF5FE6F02D8B1F5801F01D3002070470F
:1069A00090F815C04167003A18BF01226CF07F0CC7
:1069B00080F87820A0F87A3080F815C00120704760
:1069C0000346402A28BF40221046C3F8A810A3F867
:1069D000A420704738B5664CFAF708F9FAF7B0F911
:1069E00000F0E6FC00F014FC6248002100F0DEFB41
:1069F00000F040F9FAF792FA00F0D0F900F0EEFC5E
:106A0000FAF7FCF801F0B2FE01F056FD00F00AFBC7
:106A10002368022B3BDC0822574958480BF010F83A
:106A20005748002100F0C2FB4FF0FF3005F0D0FBCB
:106A30002368022B054613DCFAF70CF9FEF7D2FDAA
:106A4000504800F0C3F8FAF791FA00F0FDFB044655
:106A5000E4B2FAF793FA002CF7D1FAF701F9F4E768
:106A6000494A4A494A4802F0C1FA4A4802F0BEFA85
:106A70002368022BE0DD05B10235284600F09EFABE
:106A80002368022BD8DD444802F0B0FAD4E73E4A2E
:106A90003E493F4802F0AAFA404802F0A7FA2368AC
:106AA000022BB8DD384A3949394802F09FFA3C4B8D
:106AB0003C48196802F09AFA2368022BABDD324A8F
:106AC0003249334802F092FA374B3848196802F0DD
:106AD0008DFA2368022B9EDD2B4A2C492C4802F0AC
:106AE00085FA334B3348196802F080FA2368022B89
:106AF00091DD254A2549264802F078FA2E484AF6C3
:106B0000CD3102F073FA2368022B84DD1E4A1F493F
:106B10001F4802F06BFA29481A2102F067FA23682D
:106B2000022B7FF778AF184A1849194802F05EFA2D
:106B3000234B2448198802F059FA2368022B7FF767
:106B40006AAF114A1149124802F050FA1E4802F089
:106B50004DFA2368022B7FF75EAF074800F03EFA3C
:106B60002368022B7FF757AF0B4802F03FFA52E73A
:106B70007C0200206C0200209C2B0020D04A0020C8
:106B800030030020605E01007C20010084200100B1
:106B9000741E01003C210100FC2701008C20010033
:106BA0008C5D0100B0200100505D0100C02001009B
:106BB000305D0100CC200100D8200100F42001004C
:106BC0000E6D0020142101002421010010B504469F
:106BD000006830B1002100F0E9FA54F8040F0028F1
:106BE000F8D110BDF0B5038883B005465BB14A2BE0
:106BF00004D1882919D0012003B0F0BD00230380FF
:106C0000032003B0F0BD184800F0BCFC044630B1CE
:106C1000A168201D00F086F92468002CF8D1134BE0
:106C200001221A704A232B80E5E70F48019200F0F9
:106C3000A9FC04460028F5D0019A031D9A4205D00C
:106C40002468231D002CEDD09A42F9D10648084E45
:106C5000214600F0E9FCD4E90523376832600BB126
:106C6000E06998473760DDE7E82700202E6D0020B7
:106C70007429002010B5064B064800241C7000F053
:106C80007DFC21460448BDE8104000F08FBA00BFEB
:106C90002E6D0020E82700205C02002070B5826184
:106CA0000D4A0E4D044610782E68E361666130B9D6
:106CB000A1600B482146BDE8704000F065BC201D76
:106CC000084B2B6000F02EF92E6021460448BDE8E9
:106CD000704000F059BC00BF2E6D002074290020C8
:106CE000E82700205C02002070B50C4B1B7804469E
:106CF0002BB921460A48BDE8704000F045BC094D5B
:106D0000094B2E682B60043000F016F92E602146E6
:106D10000348BDE8704000F037BC00BF2E6D002076
:106D2000E8270020742900205C02002010B50A4BDF
:106D30001B7804463BB9C0E9033321460748BDE848
:106D4000104000F071BC043000F00EF921460348F9
:106D5000BDE8104000F068BC2E6D0020E827002040
:106D600038B50C4B1D7804466DB90B4800F00AFC91
:106D700038B1A04202D10BE0844209D0006800285B
:106D8000FAD1012038BDBDE83840043000F0DEB84B
:106D9000002038BD2E6D0020E8270020704700BF7E
:106DA00010B5F9F7FDFF0B4B1A68D2E90031926874
:106DB0000B44191A52B1D2E9003423441B1A9268C9
:106DC000994228BF1946002AF5D14318024A136098
:106DD00010BD00BFF0270020EC2700202DE9F04176
:106DE000038805466BB3592B04D000232B80032066
:106DF000BDE8F081872929D082291DD1294FDFF8EC
:106E0000AC803C68C4B1002603E0A36826469BB171
:106E10001C46204600F0A4FB0028F6D0E06822467D
:106E2000882100F085FA0346404643B300F0B2FAE9
:106E3000A3682646002BEBD1592301202B80BDE807
:106E4000F081184A012013605923F7E7154F39687C
:106E5000002021B9F0E78C680120E4B12146CB681D
:106E60009342F8D000B13C608B68002BE4D0D3E9AA
:106E70000204944214BF194688600346F5E7E360B4
:106E8000A3686EB1B3603B680022A2602BB1FFF72C
:106E900087FF3C68B6E73C60CEE7034A1360CBE768
:106EA0003B60F1E7F0270020EC2700206C02002077
:106EB00010B50446154800F06DFAE368D3B11449E3
:106EC000144B0A6818684AB1944218BF134602D19D
:106ED0000BE09C4209D09B68002BFAD1C4E9022048
:106EE0000C60BDE81040FFF75BBFE060BDE81040FC
:106EF000FFF756BF064B07491A6809681C60C4E9CA
:106F00000221BDE81040FFF74BBF00BF6C0200201C
:106F1000F027002074290020014800F03BBA00BF90
:106F20006C02002010B5044600F004FB2046BDE8CA
:106F30001040FFF7BDBF00BF10B5044600F002FBD4
:106F40002046BDE81040FFF7B3BF00BFC068B0FAED
:106F500080F04009704700BF024B1868003818BF26
:106F600001207047F027002010B5124B19688142AC
:106F7000044614D00B462BB19A68A24206D01346A1
:106F8000002BF9D10023C4E9023310BDA2689A6036
:106F900049B1FFF705FF0023C4E9023310BD826841
:106FA0001A60002AF5D1044B00221A600023C4E9BC
:106FB000023310BDF0270020EC27002000B58BB075
:106FC00002462821684606F071FF6946024802F031
:106FD0000DF80BB05DF804FB9C1F0100C0B1F8B5C3
:106FE00005460D4829780D4F0B4E01F0FFFF012497
:106FF00007E015F8011F3046013401F0F7FF082CB7
:1070000005D0E307F5D4384601F0F0FFF1E7F8BD0D
:10701000034801F0EBBF00BF8C2101001C2A0100D6
:107020007C210100024B034ADB885BBA1380704766
:107030009C2B00200E6D00202DE9F84FDFF8C48056
:10704000D8F80040844205460E4647D0002C43D075
:10705000234601E0002B3FD01B689D42FAD1002D52
:107060003AD0274FAB7BD7F8009043B30023AB73E4
:107070004FF0020A4FF0010BA54211D0A37BDB07B2
:107080000ED5A3682A465BB13C6084F80EA0872128
:1070900004F10C009847023801282BD984F80EB06F
:1070A0002468002CE8D1AB683BB1B54205D03D6007
:1070B0002246832105F10C009847D8F80040A542EC
:1070C00005D03CB12368AB4211D01C46F9E72B68D0
:1070D000C8F80030C7F80090BDE8F88F002CFBD04E
:1070E000074FA37BD7F80090002BBFD1E7E72B68B1
:1070F0002360EFE721462046FFF79EFFD0E700BF61
:10710000742900207829002038B583687BB10446B3
:107110000A4804600220A07304F10C000D46984751
:107120000238012804D9832D02D00123A37338BD6E
:1071300021462046BDE83840FFF77EBF7429002075
:10714000F8B5134A134B146800221A70D4B1124FC9
:107150000125022601E02468A4B1E37B002BFAD0CC
:10716000A368E5810022822104F10C00002BF2D0FB
:107170003C60A67398470238012804D9A573246897
:10718000002CEAD1F8BD21462046FFF755FFE2E783
:10719000782900202F6D002074290020024B1878D8
:1071A000421C1A70704700BF326D0020F8B5164AB5
:1071B0001568854207D0044635B12B4600E01BB167
:1071C0001B689C42FBD1F8BD002CFCD00F4EA3687D
:1071D00025600125146000223768A573A2815BB188
:1071E0000A460221A1733460812104F10C00984702
:1071F0000238A84202D9A5733760F8BD214620465F
:10720000FFF71AFFF8E700BF782900207429002053
:1072100030B40848084C094D09490A4A00234FF088
:107220008A0C2B7084F800C003700B60136030BCB4
:10723000704700BF316D0020326D0020306D00209E
:1072400078290020742900202DE9F8432D4D2B7852
:10725000F3B92D4E3378BBB12C4C2D49227802EB7B
:107260004200013202F01F02227001EB8002D2E9DB
:107270000184013BDBB211F8207033705CB1812FC7
:107280001ED0A27BD2071DD428781844BDE8F8830D
:10729000FFF756FFDDE71F4A14685CB9F4E7A37BEC
:1072A00013F0010F42463946204601D0FFF72CFF6C
:1072B000246814B32B78002BF1D0FFF741FFEEE7E1
:1072C0000122A273D4F80890B9F1000FDCD0124B60
:1072D0001C6002234246A373394604F10C00C847E0
:1072E0000238012805D9832F03D001223378A273F5
:1072F000CAE721462046FFF79FFE337828781844D6
:10730000BDE8F8832F6D0020316D0020306D002026
:10731000F42700207829002074290020024A034B1A
:1073200010781B7818447047316D00202F6D0020B5
:1073300030B40F4C94F800C0BCF1200F15D00D4BA9
:107340001B78634403F01F030CF1010C03EB4303B0
:1073500084F800C0084C054604F8231004EB8303AE
:10736000C3E90125002030BC7047012030BC7047C4
:10737000316D0020306D0020F427002038B5837B6C
:10738000034CDB07256801D5FFF7BEFE256038BD3D
:107390007429002018B1837B013B012B00D9704771
:1073A000024A0123C3731370704700BF2F6D002082
:1073B000F9F702BD10B5084C206858B1D0E9013189
:1073C000002222609847236823B1BDE81040186866
:1073D000F9F724BD10BD00BF7C290020074B82B007
:1073E00001AA9A42019304D9CD2103F8011B9342CB
:1073F000FBD10348002102B0FFF7D8BE506D00203A
:107400009002002038B5124C124DF9F7B7FD2378E1
:10741000CD2B08D0AC4202D30EE0AC420CD014F815
:10742000013FCD2BF9D1AC4202D30CE0AC420AD0E3
:1074300014F8013FCD2BF9D0F9F7A0FDAC4238BFCD
:10744000281B02D238BDF9F799FD4FF0FF3038BD47
:10745000506D00200000042070B5038804465BB125
:10746000912B05D11E48FFF771FD68B9012070BD51
:1074700000230380032070BD19484FF4A061FFF77B
:1074800051FD91232380F1E7FFF7BCFF154E164B0A
:10749000F61A50EA0603054613D4B0420DDD134B2D
:1074A0001B68002B09DD124A1249134801F09EFDAA
:1074B00012483246294601F099FD0948FFF73CFD84
:1074C000DFE70A4B1B68002BF7DD094A09490A4828
:1074D00001F08CFD32462946094801F087FDECE7B2
:1074E0008029002000000420506D00207C02002034
:1074F00094210100701E0100741E0100C8210100CA
:107500009C21010010B541600446F9F74FFC206052
:1075100010BD00BF10B50446F9F748FCD4E90031AE
:107520000B44C01A6FF0004290422CBF0020012093
:1075300010BD00BF10B541600446F9F731FC206072
:1075400010BD00BF10B50446F9F72AFCD4E90021AC
:10755000C2F1010303448B4284BF5218226010BD64
:1075600010B50446F9F71CFCD4E90032C3F101035D
:10757000184482422CBF0020012010BD002303606C
:10758000704700BF0068704703684BB199421A68A2
:1075900002D120E099420DD01A461B68002BF9D188
:1075A00000230B600368D3B11A461B68002BFBD184
:1075B0001160704710B40C68146000221A60002338
:1075C0000B6003686BB11A461B68002BFBD111607E
:1075D0005DF8044B7047026000221A60E0E701602A
:1075E00070470160F4E700BF10B4046854B1A142D1
:1075F000236816D0234601E0994208D01A461B683A
:10760000002BF9D10C605DF8044B016070470C68E9
:10761000146000221A6004680C605DF8044B01607D
:10762000704703600B46F4E7036843B18B4202D115
:107630000BE0994204D01A461B68002BF9D1704721
:107640000B68136000230B6070470B680360002316
:107650000B60704703682BB100201B680130002BC2
:10766000FBD17047184670470368B1B123B310B41B
:107670009A421C6802D10CE09A4209D018461B6855
:10768000002BF9D10B6813600A605DF8044B70475A
:107690001468046000201860F4E753B19A42196836
:1076A00017D0194601E08A420AD08C4609680029A1
:1076B000F9D11360026070470B6813600A6070476D
:1076C0001368CCF8003000230B600368136002607D
:1076D000704701601146F6E700B10068704700BFCF
:1076E00010B504464288406800210AF03AF9238820
:1076F0006288A0680021BDE8104003FB02F20AF096
:1077000030B900BF30B44588ADB14368002202E013
:107710000132AA420CD0194601330C78002CF7D163
:1077200001230B700388806802FB030030BC7047A4
:10773000002030BC70472846F8E700BF10B44488EA
:1077400082685CB18A420ED0B0F800C0002301E02C
:10775000914209D00133A3426244F9D14FF0FF3086
:107760005DF8044B704700234268D15C0029F5D0D6
:107770000020D0545DF8044B704700BF83688B42F3
:1077800008D84288008800FB023399422CBF0020B1
:107790000120704700207047418849B143680020AC
:1077A000194413F8012B02B901308B42F9D170470B
:1077B0000846704708B509F00FFD80B208BD00BF4C
:1077C0000E4A012100231160C2F80031D2F80031C5
:1077D000002BFBD0D2F8080508490023C0B2C2F83C
:1077E0000031D1F80031002BFBD0D1F8082501235E
:1077F00040EA02204B6080B209F0C0BC00D00040DB
:107800000023013A0160027143718371704700BF28
:10781000817942790379521A1A4208D0026801F13B
:10782000010C525C03EA0C038371104670474FF061
:10783000FF3070472DE9F0410488752C06463ED094
:107840007C2C22D0002C4BD1FFF7A8FC2D4B2E4FC7
:1078500018702E4D3A682C6082B123462C4C984605
:1078600004F8038000219368802098472B68013337
:107870002B6057F82320002AF2D1DAB2254B1A7078
:10788000752333800120BDE8F0811E4B1B788B42AD
:10789000F8D11E4D1E4CDFF87C801F4F3A682B68D4
:1078A00001323A60E25C02F07F02E25498F8002074
:1078B000013393422B600EDB3B6833B9E0E7DFF81E
:1078C0005480124D98F80020134F00233B602B602A
:1078D000002AD5D00E4CE256002A06DB2B68E5E7DD
:1078E000002303800320BDE8F081074A52F82320DB
:1078F000044B00201978FFF71BFD0028CED17C2314
:107900003380BFE7346D0020B401002094290020AB
:107910007C120020336D00209029002010B590F8D3
:107920004C10094A013180F84C100446034680216E
:107930002030FFF7B3F9054B22461978BDE8104017
:107940000020FFF7F5BC00BF1D790000366D002058
:10795000F8B50388044653B1B3F5867F03D1822975
:1079600009D00120F8BD002303800320F8BD4FF4A7
:1079700086732380F5E7F9F70DFBBFF35F8F154999
:10798000154B0E6800220A601F781A70FFB2BFF311
:107990005F8F124DF9F702FB286820B9E7E755F829
:1079A000040F0028E3D090F8463026FA03F3DA07F4
:1079B000F5D590F8453047FA03F3DB07EFD5FFF72D
:1079C000CFF90028EBD02B68054A18460221FFF7B3
:1079D00065F9E4E7A8290020356D0020600000204B
:1079E000157A000010B4084A084C13680B43136062
:1079F0002378012282401343DBB2237004485DF8F0
:107A0000044BFFF7C7BC00BFA8290020356D00203C
:107A1000B002002070B50446FFF7A2F900B970BDAE
:107A200004F120063046FFF79BF994F8461005460E
:107A300094F84500F9F70AFB48B994F8443063B963
:107A4000002DECD13046FFF771F90D4B11E0012804
:107A5000F6D194F84430002BF2D1002DDFD0002570
:107A60002346084A84F84C5030467E21FFF716F929
:107A7000054B197822462846BDE87040FFF758BCF0
:107A8000376D00201D790000386D0020F8B5FFF734
:107A900085FB304B304F1870FFF780FB2F4B304C7D
:107AA0001870FFF77BFB2F4A7A60FF21397222683A
:107AB0002D4B00251870FD60002A42D02B4E09E0A6
:107AC00091F84600F9683A72834054F8042F0B434A
:107AD000FB60B2B392F8463092F84510926C03F016
:107AE0001F0343EA41131F2BCABF03F01F034FF0CC
:107AF000A041314603F5E07342F08C0241F8235077
:107B0000236893F8461093F84500F9F75DFA226868
:107B100092F8463092F8450003F01F0343EA401004
:107B20000121FAF76FF92168387A91F845208242ED
:107B30004FF00103C4D0FF28C2D054F8042F002A0C
:107B4000C8D10B480021FFF731FBBDE8F8400248DF
:107B500000F010B8386D002098290020376D002003
:107B600060000020E5790000366D00200003005021
:107B7000B002002001460148FFF706BDAC290020F5
:107B800070B505460C480E46FFF7FCFC90B1044664
:107B900001E0246874B1237AAB42FAD1E36816EAB3
:107BA0000301F6D063682846002BF2D0984724687A
:107BB000002CF0D170BD00BFAC29002008B50348EF
:107BC000FFF7DCFCBDE80840F9F7F4B9AC29002068
:107BD0002049002340FA03F2D20720D510B40A78D6
:107BE00091F801C08C7802F01F0242EA4C12E4B115
:107BF0001F2AC6BF184C02F01F024FF0A0444FF0DE
:107C0000010C0CFA02F2C4F808250133042B01F12F
:107C100003011CD040FA03F2D407F6D5DFE70133A5
:107C2000042B01F10301D5D170471F2AC6BF0A4CAE
:107C300002F01F024FF0A0444FF0010C01330CFA88
:107C400002F2042BC4F80C2501F10301E2D15DF826
:107C5000044B7047181E0100000300500F4A10B477
:107C60000F4C02F10C0C03201378517803F01F0322
:107C700043EA41131F2BC6BF03F01F0321464FF0F9
:107C8000A04103F5E0730332944541F82300EBD1A2
:107C90005DF8044B0F20FFF79BBF00BF181E0100CB
:107CA00000030050F8B50488672C074619D0792CDA
:107CB00032D054B3002303800320F8BD5A1C226045
:107CC0001B4A0024D4541B4B20461978FFF730FB85
:107CD000194B852118682246FFF72AFB28B3002399
:107CE0003360164D164C06E00A282368E6D00D28AE
:107CF000E4D07E2B14DD2846FFF78AFD431C264680
:107D0000F2D167233B800120F8BDFFF747FA094A0B
:107D10000B4B10701C60E4E78529F4D1084EDEE7B8
:107D200003495A1CC8542260E5E779233B80EAE7FF
:107D3000B0290020396D002074290020B42A0020C9
:107D4000302A002008B5054905488022FFF758FD74
:107D5000BDE8084003480021FFF728BA342A002074
:107D6000B42A0020C002002010B50948FEF7BCFF6D
:107D7000084800F029FA48B1064C037A5B0801462E
:107D80000372204600F0E8F90028F6D110BD00BFCC
:107D9000BC2A0020D00200200146014800F040BA71
:107DA000D002002080B110B50446F8F7F9FF23682F
:107DB000C01AB0F5963F05D2207A032894BF002060
:107DC000012010BD002010BD0020704706292CD8CE
:107DD000F8B54523CB40DB070F4625D50546294698
:107DE0002748144600F01CFA064618B3062F1BD08D
:107DF000F8F7D6FF337A30602344102BA8BF102346
:107E0000022F337212D0E401A4B2F8F7C9FF33682D
:107E1000C01AB0F5963F31D2337A032B8CBF0A22B9
:107E20001922B388F3B9B480F8BD70470C34E4016B
:107E3000A4B2EAE7002FF7D13346114808222946B9
:107E400000F00AFA06460028EED047F6FF73C3801A
:107E5000F8F7A6FF337A30602344102BA8BF102315
:107E60003372D0E7C2F16400064904FB02F203FB5F
:107E70000022A1FB02125209B280F8BD1922D0E7FC
:107E8000D00200201F85EB5138B50546042000F0D4
:107E90004BFC29460446244800F0C2F924B20346AC
:107EA00060B3B0F9062047F6FF718A4231D004EB87
:107EB000840464005A201D4912FB004281FB020128
:107EC000D217C2EB6112998814B2DC80A9B96FF0A5
:107ED0003B029442A8BF14466FF058029442B8BFC8
:107EE00014465A3424B24FF47062B2FBF4F2B2F585
:107EF000C07F28BF4FF4C0729A8038BD0A4808225C
:107F0000294600F0A9F903460028F6D047F6FF728B
:107F1000C2809A88DC80002AEFD147F6FF72944233
:107F2000D5D14FF48072E7E7D00200201F85EB51D6
:107F300038B5094800F048F960B1074D04462146BC
:107F4000284600F00FFA2146284600F005F90446BD
:107F50000028F4D138BD00BFD002002010B50021A8
:107F6000054800F0D7F8BDE81040044A0448002353
:107F70004FF4E131FEF792BED0020020697D00008F
:107F8000BC2A0020082209F05BBD00BF08B508220A
:107F900009F01AFDB0FA80F0400908BD114A38B561
:107FA00003461148002B14BF1D461546FFF7EAFA99
:107FB000A0B1044604E02046FFF78EFB044668B1FA
:107FC000211D2846FFF7E2FF0028F4D0074A084B9E
:107FD0009068201A801003FB00F038BD4FF0FF308E
:107FE00038BD00BFFC5C0100A42B0020E002002093
:107FF000ABAAAAAA2DE9F0411748FFF7C3FA8046B9
:1080000028B3164F164E174D00240AE0204608F1FB
:10801000040107F095FF04464046FFF75DFB8046EC
:1080200090B1B368A8EB03039B1005FB03F3FB5C63
:10803000002BF1D1002CE9D14046FFF74DFB08F1B0
:10804000040480460028ECD12046BDE8F0810446B7
:108050002046BDE8F08100BFA42B00209C2C00200E
:10806000E0020020ABAAAAAA2DE9F84F234CDFF8C2
:10807000A0B0DFF88CA0DFF88C900546884604F1AC
:10808000200754F8043FBBB19E68AEB1A5B1DAF841
:108090000820AA1A91100C3209FB01F10CD0586883
:1080A000DA6800FB012038B11BF801201B6842FA96
:1080B00003F3DB0700D5B047BC42E2D1D5B1104B8A
:1080C000104A9B68EB1A9B1002FB03F30E490F4802
:1080D0000022CA5429460BF80320FFF7A5FAB8F18D
:1080E000000F01D1BDE8F88F29460548BDE8F84FDB
:1080F000FFF724BB4FF0FF33E8E700BF782C0020E8
:10810000E0020020ABAAAAAA9C2C0020A42B0020ED
:10811000AC2C002038B10368072B04D80C4A52F865
:108120002330984211D00B4A1368072B0BD810B498
:108130008160074903605C1C41F823001460012042
:108140005DF8044B70470020704781600120704744
:108150007C2C0020782C002038B550B3044631B375
:10816000C26840681EE0154B986801EB410100EBC6
:108170008100FFF7B1FAF0B1104B114A9B68C01AA9
:1081800083100C3002FB03F315D06068E26800FB3B
:10819000032181B10B4DEB5C25682B41DB0748BF08
:1081A000084609D4891A91FBF0F14A1CDBD1002062
:1081B000DFE7FFF791FA002038BD00BFE0020020A2
:1081C000ABAAAAAAAC2C002010B504461048FFF7B1
:1081D000D9F9B8B10F4B9968411A94B111F10C0F4C
:1081E0000FD00D4B6068E268891001FB03F300FBC0
:1081F000032038B109492268CB5C1341DB0701D564
:1082000010BD002001462046BDE81040FFF7A4BF86
:10821000A42B0020E0020020ABAAAAAAAC2C0020CC
:1082200010B504460846FFF7B9FE84B1431C024668
:108230000DD06168E36801FB003038B1054B21685F
:108240009B5C0B4113F0010F08BF002010BD002004
:1082500010BD00BFAC2C00202DE9F041002838D023
:108260003B4B0C46002908BF1C4621460546FFF73C
:10827000D7FFF8B100272046FFF790FE461C2CD010
:108280006A68EC6802FB00440021204609F069FBA3
:10829000FCB1EB686A68E31A93FBF2F35A1C06D050
:1082A00028682C4A01218140D05C0143D1542046EA
:1082B000BDE8F0812046FFF771FE0130DAD1264893
:1082C000FFF76AFA0028D5DCFFF794FE074600287E
:1082D000D1D100242046BDE8F081DFF87C80404603
:1082E000FFF710FA0646C8B131461C48FFF74CF9B3
:1082F000D8F80830301D2146F61AFFF743FE16F174
:108300000C0F04D01648B61006FB00F0B8E70021A9
:108310006A68084609F025FB0024DBE7002FD8D067
:108320003846FFF73BFE411C0CD0D8F8086000EB44
:10833000400006EB800600213046FFF795FE002E38
:10834000D2D1C6E731463046FFF78EFEC1E700BF07
:10835000FC5C0100AC2C0020E0020020A42B0020DB
:10836000ABAAAAAA28B311B3C3684268CB1A93FB7D
:10837000F2F35A1C1BD030B50E4C056814F803C03C
:10838000012202FA05FE2CEA0E0C04F803C0C368B1
:108390004468CB1A93FBF4F3591C06D0064C0068D2
:1083A000E15C824021EA0202E254012030BD00205B
:1083B00070477047AC2C00209C2C002098B189B1EC
:1083C000C2684368891A91FBF3F14B1C0AD0064A34
:1083D000036812F801C0012000FA03F343EA0C031A
:1083E00053547047002070479C2C0020B0B199B1C5
:1083F000C2684368891A91FBF3F14B1C0CD010B48E
:10840000074C0268635C012000FA02F223EA0203CF
:1084100063545DF8044B704700207047704700BFFD
:108420009C2C002088B179B1C2684368891A91FBFD
:10843000F3F14B1C08D0054B986801EB410110EBA0
:10844000810002D00430704700207047E002002015
:1084500070B5054617480E46FFF794F868B1044614
:10846000012D11D1A368B3B13046984730B92046E9
:10847000FFF732F904460028F2D1002070BDFFF763
:108480002BF904460028F8D02046002DF7D1636868
:1084900043B19847EAE72046FFF71EF90446002853
:1084A000E0D1EAE72046FFF717F904460028EED1AD
:1084B000E3E700BFBC2C0020054B10B51B689847B4
:1084C000044B5B689847044BBDE810405B68184755
:1084D000B0360100305D0100505D010038B50C4C34
:1084E0000C480D4B0D4D002121800D4C01801A22AE
:1084F0000C48197009F035FA29462046FFF742FD6D
:10850000294604F10800BDE83840FFF73BBD00BF35
:10851000106D0020126D00203A6D0020FC5C0100FF
:10852000402D0020502D0020134A00232DE9F0415A
:108530001380124A124EDFF85880124F13700C4607
:108540001A22194605461048338009F00AFA4146B6
:108550003846FFF717FD414607F10800FFF712FD07
:10856000802C28BF802422462946084809F068FA52
:1085700034802046BDE8F081106D00203A6D002067
:10858000126D0020402D0020502D0020C02C002016
:10859000FC5C0100F8B50E4E0E4D32782B8813446A
:1085A000802B01DD0020F8BD0B4F3946044609F051
:1085B00047FA0A4A33781288E018134457FA83F1CD
:1085C0002A8809F03DFA30782B881844F8BD00BF9E
:1085D0003A6D0020126D0020C02C0020106D00208C
:1085E00030B5134B134C144A94F800C01B88128802
:1085F000634452FA83F39BB21A18802A16DC013BBB
:108600009AB21BB2002B0CDB0C4D511C02442944C6
:108610002A44013B1BB211F801ED02F801E95D1C8F
:10862000F7D1844484F800C0012030BD002030BD63
:10863000106D00203A6D0020126D0020C02C00202B
:10864000074A1388834209DB0649B1F800C080B2AB
:108650001B1A604408801380012070470020704777
:10866000126D0020106D0020014B1880704700BF74
:10867000126D0020044A054B12881B7804481344ED
:1086800050FA83F0704700BF106D00203A6D002053
:10869000C02C002000487047C02C0020014B1888D7
:1086A000704700BF126D00200549064A064B12882C
:1086B00008781B88104453FA80F080B2704700BFDE
:1086C0003A6D0020106D0020126D002010B51A22A6
:1086D0000C46054909F0B4F920460449BDE81040AC
:1086E000102209F0ADB900BF502D0020402D002010
:1086F00010B503460C461A221946054809F0A0F9A0
:1087000021460448BDE81040102209F099B900BF85
:10871000502D0020402D0020024B23F81010012086
:10872000704700BF502D0020014B33F810007047F8
:10873000502D002008B5044B0D3803EBC000FFF7A7
:1087400021FC012008BD00BF402D0020024B0D3848
:1087500003EBC000704700BF402D002001490248D4
:10876000FFF714BCFC5C0100482D002008B504484C
:10877000FEF7B6FFBDE808400248FEF7B1BF00BFF4
:10878000EC020020F80200200148FFF705B800BF06
:10879000F802002038B50E48FEF7B4FFB0B1044629
:1087A0000C48FEF7AFFF0546206058B1FFF7F2FE18
:1087B00005F19C01A5F8800005F18200FFF786FF16
:1087C000204638BD02482146FEF7B8FF0024F7E7EF
:1087D000F8020020EC020020006800F19C018230C9
:1087E000FFF774BF10B5044621460748FEF7C6FFE1
:1087F00000B910BD21680548FEF7A0FF21460248D8
:10880000BDE81040FEF79ABFF8020020EC020020FD
:1088100010B5044621460948FEF7B0FF00B910BD67
:108820002468B4F880102046FFF77EFE04F19C0116
:1088300004F18200BDE81040FFF75ABFF8020020A3
:10884000F8B5F8F7ADFA114E0746344600250D206D
:10885000FFF77CFF2146FFF799FB30B90135102D5A
:1088600004F11004F3D10020F8BD072006EB051633
:10887000FFF75AFF337B8342F5D1B068381AB0F561
:10888000206F8CBF00200120F8BD00BFFC3200200B
:10889000F8B5174F00263D460D20FFF757FF294634
:1088A000FFF774FB344610350136E8B9102EF3D1CA
:1088B0000F2407EB04142046103C1022214609F037
:1088C000BFF8A742F7D10720FFF72EFF3873F8F75C
:1088D00067FA03460D20BB60FFF738FFBDE8F8409C
:1088E00001460348FFF74EBB002CE2D1EBE700BF87
:1088F000FC3200208C4611461A46034608B16046F9
:1089000018477047014B1888704700BF300400209B
:1089100000283BD0037A022B30B410D00378022B0E
:1089200015D00379B3B10024C37913F0030318BF42
:10893000012301B10C6002B1136030BC7047C379F0
:108940000579447A63B90CB9012D2BD0BDB1002350
:108950001C46EEE7447A14F0030418BF0124E3E751
:10896000ACB9002DF3D1022B26D0032B4FF001031D
:1089700016D1A4F10204B4FA84F46409D9E7023CE4
:10898000012C8CBF002401242B46D2E77047032B17
:108990000AD0022B19D0022C15D0002DD7D12B468E
:1089A0000024C6E72B46C4E7032C15D0022C17D1B0
:1089B0000123002DDDD0F3E7A4F10304B4FA84F41D
:1089C00064090123B5E70123EAE7002DFBD1022C5E
:1089D000F2D101231C46ACE7002DB8D10123C8E732
:1089E000002DB4D12B46C4E730B50D460446002116
:1089F00083B00622284608F0B4FF637DD9075CBF28
:108A000001232B70237E012B27D901AA694604F18B
:108A10001000FFF77DFF009B0BB10223EB70019B61
:108A20000BB102236B70E37D03F00303022B05D02F
:108A3000A3F10303B3FA83F35B09DB00AB70637E3E
:108A400003F00303022B05D0A3F10303B3FA83F36E
:108A50005B09DB002B7103B030BDE37D9A0706D0C4
:108A6000637E9B0703D0E28BA38B9A4202D0002344
:108A70002375CAE701232375C7E700BF022814BF87
:108A8000082302230B4403E013F8012DFF2A03D12E
:108A90008B42F9D1012070470020704700B583B0A8
:108AA0006946FFF7A1FF9DF800309DF801209DF871
:108AB00002009DF803100233134403449DF8042080
:108AC0009DF805000B441344184403B05DF804FB03
:108AD0004378827890F800C0DB00120102F01002A7
:108AE00003F0080313430CF0070290F803C013438C
:108AF00002794FEA4C1C0CF0200C920143EA0C0363
:108B000002F0400213430B704379827990F809C058
:108B100003F00103520043EA8C1302F0020290F8C2
:108B200007C01343027A4FEA8C0000F00C001201D8
:108B3000034302F0300213434B70704730B583B0EB
:108B40000C4605466946FFF74FFF214605F1100028
:108B5000FFF7BEFF9DF80030012B04BFAB7EA37072
:108B60009DF801300CBF03220222022B08D1AB8BEF
:108B7000A354531CA98BDBB2090A0232E154D2B2CE
:108B80009DF802306BB305EB030E1344DBB2944641
:108B90000132D2B21EF8011D04F80C109A42F6D12F
:108BA0009DF80320022A08D1EA8BE2545A1CE98B73
:108BB000D2B2090A0233A154DBB29DF8040090B18D
:108BC00000F10802184405EB020CC0B21A4601334A
:108BD000DBB21CF801ED04F802E09842F6D103B0D4
:108BE00030BD1346DCE7184603B030BD10B502783F
:108BF0004378940908464FF0000C002162F3070CFB
:108C000064F30701D40864F30F2C140963F30F21F4
:108C100064F3174C5C08520964F317419C0862F333
:108C20001F6C64F31F610A4A0A4C84B00CEA02020A
:108C30000C40C3F3011101929B098DF80C100A221C
:108C400001A902948DF80D3008F0FAFE04B010BDB1
:108C5000070101010101010301293EDD2DE9F04178
:108C600086B014460E4603A90546FFF7BFFF0A2249
:108C700003A904F1100008F0E3FE9DF811303BB3A6
:108C800005F1020803A802AA01A9FFF741FE9DF819
:108C90001370002F36D0029B53BB022FA3835BD0EF
:108CA000032F41D09DF815702FB3019BBBB9A38B47
:108CB000E383022F44D0032F2AD0A8EB0500331AF8
:108CC0008642C4E90E8300DA002006B0BDE8F081D8
:108CD000AB78A37605F10308D4E700207047029A29
:108CE000B8F80030E38302B9A38308F10208E0E793
:108CF00038F8023BD1E71E4904F10800FFF742F9BA
:108D0000E783DAE71A492046FFF73CF9A783C9E76A
:108D100008F108000346E21D13F8011D02F8011FC7
:108D20004345F9D18046C8E708F108000346621EB2
:108D300013F8011D02F8011F4345F9D18046B1E740
:108D40000B4904F10800FFF71DF998F80130237270
:108D500018F8023B6372B0E705492046FFF712F9A5
:108D600098F80130237018F8023B63709AE700BF4F
:108D7000FC5C010030B591B0FFF77CFC0446FFF7C6
:108D80008DFC6A4601462046FFF766FF00284DD05D
:108D90000446FFF755FC002848D09DF810100C2021
:108DA000FFF7BAFC9DF813100820FFF7B5FC9DF8FB
:108DB00017308BB1BDF81C50FFF7A4FD854205D0DC
:108DC000BDF81C204FF6FF739A4221D19DF8170081
:108DD0006946FFF753FEB0B102A90D20FFF7AAFCC8
:108DE0009DF815303BB14FF6FF710720FFF794FC5B
:108DF000204611B030BD9DF81A100720FFF78CFCFB
:108E0000204611B030BD69460E20FFF793FCE3E722
:108E1000084B1B68012B09DD0749084A084800F088
:108E2000E5F80848BDF81C1000F0E0F84FF0FF34FA
:108E3000DEE700BF80020020282201001C22010082
:108E4000741E010030220100F8B505460C201446BE
:108E50000F46A84700232074A37417B90820A84719
:108E6000C3B20026E37466750920A8470123237660
:108E7000A07566740720A847A076FFF743FDE0833E
:108E80000A20A847012814BF032333466376FFF75F
:108E900039FDA0830B20A847012803D0B74214BF97
:108EA00002260326637EE675022B1DBF023EB6FA3C
:108EB00086F6760901262675F8BD00BF30B591B05B
:108EC0000446FFF71FFD4FF6FF73984268D040221B
:108ED0000021684608F045FD334B1A7832B36CBB6D
:108EE000FFF73CFC01466A463048C9B2FFF7ACFFC9
:108EF000FFF734FC00283ED04FF6FF73ADF800308A
:108F00000D20FFF723FC014602A8FFF73BF8FFF70F
:108F1000B1FB0E90FFF7C2FB034668460F93FFF7C5
:108F2000BDFD0546DCB9284611B030BD01221A70DE
:108F3000FEF740FC1E4B1870002CD1D00720FFF725
:108F4000F3FB0028CCD11A4D297809B901212970E9
:108F50000720FFF7E1FB2B7801332B70C0E7FFF709
:108F60003FFB80B1FFF796FB01466846FFF7E6FD41
:108F7000284611B030BD0E20FFF7E8FB01466846D9
:108F8000FFF700F8BCE70B4B1B68002B08DD0A4914
:108F90000A4A0B4800F02AF80A48294600F026F849
:108FA0004FF0FF35BFE700BF3B6D00202987000071
:108FB0003C6D002080020020701E01001C22010078
:108FC000741E01004C2201000120FFF777BF00BF93
:108FD0000020FFF773BF00BF0AB90020704708B533
:108FE00008461146F7F786FE002008BD0FB400B50D
:108FF00083B004AA054852F8041B019200F058F807
:1090000003B05DF804EB04B0704700BF0403002018
:1090100038B54368934294BF03F1FF3515460446C3
:109020002A46006808F00CFDD4E900232A445B1BA3
:10903000C4E90023002038BD0CB430B587B00AAABB
:10904000044652F8045B0A48049002A80B460590B7
:10905000294604A8CDE90243019200F029F8029BB9
:1090600000221A7007B0BDE8304002B0704700BF60
:1090700011900000102970B50C4605460CD90B4E16
:1090800001E0102C0BD9D5E9003010223146984769
:10909000103C0028F5D070BD08460029FBD02B6895
:1090A000686802492246BDE870401847105D01001B
:1090B0000B78002B00F013842DE9F04F4FF0000BDC
:1090C0005D468FB08A4680469346544604E014F8C5
:1090D000013F002B00F0DC81252BF8D1544500F036
:1090E0000182A4EB0A06D8E900303246514698477F
:1090F000002840F0CA8123783544002B00F0B3806B
:109100006378621C002B00F0AE800020A3F12001E8
:1091100010290AD8DFE801F0B90909B609090909D7
:10912000090909B309B00909AB00A3F13101082904
:1091300040F2C4812A2B00F0D78100242E2B00F0AE
:10914000B2814FF0FF316C2B00F0A681682B00F04C
:10915000D6817A2B03D1537840F060000132782B0E
:109160007AD8DFE813F0800079007900790079007F
:109170007900790079007900790079007900790027
:109180007900790079007900790079007900790017
:109190007900790079007900790079007900790007
:1091A00079007900790079007900790079007900F7
:1091B00065027900790079007900790079007900F9
:1091C00079007900790079007900790079007900D7
:1091D00079007900790079007900790079007900C7
:1091E00079007900790079007900790079007900B7
:1091F00079007900790079007900790079007900A7
:109200007900790079007900790079007900790096
:1092100079007900790049027900790079007900B4
:1092200079007900790079007900790023029500AE
:10923000790079007900790095007900790079004A
:1092400079001B0244024901790079007301790019
:109250004E0279007900530202F1010A9AF80030B7
:10926000002B7FF432AF28460FB0BDE8F08F40F0FE
:10927000100012F8013F49E740F00100F9E740F023
:109280000600F6E740F00800F3E740F00200F0E7E0
:1092900040F4245E02F1010A0029B5BF01232EF03B
:1092A000100E039303911EF400500EF0E00300F043
:1092B0004F81402B00F0DE8240F2FA81602B00F0FB
:1092C000C982802B40F0F4820BF1070323F00703DF
:1092D0009B465A685BF8083B002AC0F2A3829C4672
:1092E00002920EF4C053B3F5805F00F07D82B3F5B7
:1092F000C05F00F04882B3F5006F00F0FB810021F1
:109300000DF136090191019B039A934238BFD71A98
:1093100041F608020EEA020641F2080328BF0027C0
:109320009E4200F0DB81019B96423B4440F0D2819B
:10933000029A5CEA020200F0CD81B74AB74E1EF4F1
:10934000804F18BF16460222029278B1002940F0E1
:10935000CD810EF00602022A00F08882062A029AC7
:1093600008BF01220292AE4A08BF1646029A134471
:109370009C428CBFE41A00241EF00103039305D124
:109380001EF0100F00F0288227441C46029AD8E9EC
:1093900000302AB131469847002876D1D8E900300C
:1093A000019A102F2A44049240F20F829D4E3D46AE
:1093B00001E0D8E90030102231469847002864D1F6
:1093C000103D102DF5D8D8E9006108462A46954988
:1093D000B047002859D1D8E90030049A029D494687
:1093E0001544019A984700284FD1039B3D44002B18
:1093F00040F0F480254431E7DBF8003002F1010A47
:109400000BF1040B00220DF13301002B00F0C080A2
:109410000DF1330C844F614603F00F061B09BE5D4E
:1094200001F8016D43EA0273120953EA0206F3D10F
:10943000BCEB010600F0AC800336782301F8013C58
:1094400043F2230321F8033CCF1E0FE0DBF800704A
:1094500002F1010A0BF1040B002F40F08E80734FD4
:109460000626002902DB8E4228BF0E46B4428CBF7E
:10947000A41B0024C30740F1E980D8E90030394635
:1094800032469847002800F0F3804FF0FF30EBE6BB
:1094900054457FF426AEE6E653786C2B36D0013285
:1094A00040F060005BE65378A3F13001092902F136
:1094B000010630D92A2B3FD0324642E6002402E092
:1094C000392B3FF63BAE04EB840403EB440412F863
:1094D000013F2F2BA4F13004F2D82E2BE3D04FF014
:1094E000FF313CE6237808E6DBF800405378002C97
:1094F0000BF1040BB8BF40F0010001321EE65378B7
:10950000682B20D0013240F0400028E6937840F0EC
:109510008000023223E6002202EB820203EB4202C9
:1095200016F8013F2F2BA2F1300240F2AB80392B0D
:10953000F2D91146324606E6DBF8001093780BF1BB
:10954000040B0232FFE5937840F02000023206E679
:10955000402B00F0958140F2B480602B00F08081B8
:10956000802B40F093810BF1070323F007039B4608
:109570005B685BF808CB0293B3E63E78002E3FF4BD
:1095800070AF3E4616F8013F002BFBD1F61B68E793
:10959000302301F8013C042601394EE7DBF80030A6
:1095A00002F1010A0BF1040B1D6057E6012CDBF8F8
:1095B00000308DF8203038BF012402F1010AC207C3
:1095C00004F1FF340BF1040B5FD5D8E90030012220
:1095D00008A9984700287FF458AF01352146404636
:1095E000FFF748FD00287FF450AF254436E640F4ED
:1095F000885E02F1010A4FE640F4B24E02F1010A20
:109600004AE640F4106E02F1010A45E640F4C85EF5
:1096100002F1010A40E600BF9422010090220100FD
:109620009C220100205D01007C220100A02201009B
:1096300002F1010AD8F80030B149D8F8040001223B
:10964000984700287FF421AF013507E621464046C0
:10965000FFF710FD00287FF418AFD8E90030394635
:109660003246984700287FF410AF35442544F5E58D
:10967000214640463544FFF7FDFC00287FF405AF46
:109680002544EBE51146324669E521464046FFF7A1
:10969000F1FC00287FF4F9AED8E90030012208A9D6
:1096A0000135984700287FF4F0AE25442544D5E5E0
:1096B000002B00F0CF809BF900300BF1040BDA1780
:1096C0000AE6002B00F0CC809BF800C002900BF162
:1096D000040B06E600220292164636E6019B012F95
:1096E00038BF012700260296FB182EE60122854E80
:1096F00002923BE6029B5CEA030318BF002100F0E4
:10970000D0800DF13603CDE90405CDE9064E1F46A4
:1097100001937D4E029B6246B946D41844F1000481
:10972000A6FB040525F0030000EB9500241A151B89
:1097300096461F4663F100024FF0CC3303FB05F061
:1097400006FB0200A5FB06352844052203F00105AF
:10975000A5FB02251219BEF10A0F4FEA530302F1CD
:10976000300277F1000709F8012D43EAC0724FEA91
:109770005003D2D2019BA3EB0903DDE90405DDE927
:10978000064E0193BFE50021604B029A604F1EF424
:10979000804F18BF1F465CEA020300F09B800DF16A
:1097A000360601966346B14603F00F061B09BE5DFF
:1097B00009F8016D43EA0273120953EA0206F3D174
:1097C000019BA3EB090301939DE51E460146002F73
:1097D0003FF403AE3D46F8E521464046FFF74AFC1C
:1097E00000283FF4D3AD50E6029B5CEA030318BFA8
:1097F000002156D00DF136031E46029A0193B14660
:10980000634603F00706DB08303643EA4273D208AA
:1098100009F8016D53EA0206F3D1019BA3EB09039A
:10982000019370E5D3F1000C62EB420302930EF456
:10983000C053B3F5805F4FF00101DBD0B3F5C05FDB
:10984000A2D0B3F5006F3FF45CAF00230DF13609F1
:10985000019358E5DBF800300BF1040BDA173BE518
:10986000DBF800C002900BF1040B3AE50122294E0F
:1098700002927BE5BBF900300BF1040BDA172BE504
:10988000BBF800C002900BF1040B2AE50EF4C053A4
:10989000B3F5805F05D0B3F5C05F29D0B3F5006F95
:1098A0001FD10021CDE901118C460DF136092AE5C1
:1098B0000EF4C053B3F5805FF3D0B3F5C05F1BD097
:1098C000B3F5006FEDD000218C4602910DF1360901
:1098D000019118E5002301930DF1360913E51846AF
:1098E000704701900146844602900DF136090AE561
:1098F00001468446029047E700218C46029143E7E7
:10990000A822010098220100CDCCCCCC6822010015
:109910007C2201003C2501002DE9F0470D468B68B3
:1099200092F82C900646506B1446D3E90078FDF768
:109930007BFE6868FEF756FFA9681D48FDF7FEFE2E
:109940001C482946FDF7FAFE606BFDF71BFED8B1F7
:109950000023A385FDF72EFF174BA3FB0023C21A9C
:1099600003EB52039B08C3EBC303C11A134A2346FC
:1099700004F10C00FDF792F94B4632464146384659
:10998000BDE8F047FEF7B6BF04F10C00FDF7CEF9D5
:1099900021460B48FDF748FE21460A48FDF7CEFE5A
:1099A0004B46324641463846BDE8F047FEF7A2BF77
:1099B0000C0300201803002025499224C9990000B7
:1099C000FC3300202403002040B32DE9F047044677
:1099D00084B0406BFDF7D6FD0546E0B14068FEF768
:1099E00017FF8B490D20FEF7A5FE01210820FEF789
:1099F00093FE00F04BFA002811DA864E3368002BF4
:109A00007EDCAB683BB105202246294604B0BDE8A8
:109A1000F047FFF781BF04B0BDE8F0877047FEF75D
:109A200039FE7D4F90F802807B680193FEF732FE8D
:109A30000646FEF739FE019B014630469847FEF781
:109A40008DFEBB69019306469847002831D1002E50
:109A500040F08380D7F81C90C84750BBBB681E46B7
:109A6000FEF722FEB047002800F08C80022820D0AC
:109A7000AB68002B00F082800420C5E7F7F7D4F92B
:109A80006FF02806361A03E0F7F7CEF9C64202D582
:109A9000C8470028F8D0C847002800F090803B69EC
:109AA000032103A89847032803D19DF80E304345AE
:109AB00059D0AA68002A61D094F82D3094F82C105F
:109AC0000133DBB2052B84F82D3038D8127A8A4264
:109AD0003FD9012B88BF1F2640F29580FDF76AFE13
:109AE0004E4AB0FBF6F1234601FB160104F10C00CF
:109AF000FDF7D4F8686804B0BDE8F047FEF76CBE27
:109B0000474A48494848FFF771FA0720FEF70CFE1C
:109B100001464648FFF76AFAAB68002B7FF473AF43
:109B20003368012B7FF777AF3D4A41493E48FFF745
:109B30005DFA404804B0BDE8F047FFF757BA01317D
:109B40000023C9B284F82D3084F82C10137A8B428C
:109B500016D822462946012058E7BE68FEF7A4FD24
:109B6000B047002882D1AB6843B194F82C30002074
:109B7000013384F82D0084F82C3045E7254ECFE7DB
:109B80000726ABE7F7F750F96FF0180AAAEB000ABF
:109B900004E0F7F749F91AEB000F02D5C84700288F
:109BA000F7D0019B984700287FF468AFC84700288A
:109BB0007FF464AF7B69984700283FF45FAFA968E2
:109BC0000029DBD094F82C3001330022DBB284F87A
:109BD0002D2084F82C300A7A9A4203D8224629464E
:109BE000022013E7FDF7E6FD134BA3FB0023C21A87
:109BF00003EB52039B08C3EBC303C11A074A234676
:109C000004F10C0074E7033301269E40013E65E732
:109C10009C2B002084020020B0360100C99900006E
:109C2000AC220100701E0100741E0100B42201006C
:109C300028220100D8220100254992242DE9F04173
:109C400006460E200F46FEF781FD784B1A78054632
:109C5000002A46D0764C217861B34A1CD2B2072044
:109C60002270FEF759FD01210C20FEF755FD7148C9
:109C7000FDF788FC044630B93AE02046FDF72CFD9C
:109C80000446002834D02946201DFEF77FF900281D
:109C9000F3D0606BFDF7DEFC072844DD664D2B68D2
:109CA000012B0ADC394630460123BDE8F04106228B
:109CB000FEF720BE01210222D1E7604A60496148D7
:109CC000FFF794F96048FFF791F92B68012BE9DD64
:109CD0005A4A5B495B48FFF789F95C48FFF786F908
:109CE000E0E701221A70FDF765FD514CC1B2B3E700
:109CF0005748FDF707FD044600283ED029460430AA
:109D0000FEF740F9002304F13000C4E90C30A385CC
:109D1000FDF734FC47482146FDF736FC606BFDF744
:109D200099FC0728BADC4B48FDF7ECFC804600287C
:109D300030D04948FDF7E6FCC8F80800002851D0AB
:109D4000FEF728FDC8F80400002832D00620D8F815
:109D50000850FEF7E9FC10F0FF0308BF08232B7240
:109D60002E606F60606B4146FDF70EFC606BFDF787
:109D700009FC804541D0BDE8F0812F4B1B68012BC9
:109D800090DD2E4A2E492F48FFF730F93348FFF770
:109D90002DF987E7284D606BFDF75CFC002894D116
:109DA00021462448FDF740FC21462948FDF7C6FC22
:109DB0008BE7214DD8F808102748FDF7BFFC2B682A
:109DC000012B11DC23484146FDF7B8FC2B68012B21
:109DD000E1DD1A4A1A491B48FFF708F92048FFF746
:109DE00005F9D8E7144DEDE7144A15491548FFF772
:109DF000FDF81B48FFF7FAF8E4E794F82D30012B43
:109E00000ED91F25FDF7D6FC2346B0FBF5F1154A08
:109E100001FB150104F10C00BDE8F041FCF73EBF69
:109E2000033301259D40013DECE700BF3E6D00205E
:109E30003D6D0020FC33002084020020AC22010094
:109E400028220100741E0100242301003C2301008C
:109E500024030020180300200C03002068230100C5
:109E6000F4220100C999000008B50548FDF738FC47
:109E70000448FDF735FCBDE808400348FDF730BC59
:109E8000180300200C0300202403002010B501213A
:109E90000C20FEF741FC024BBDE810405B68184700
:109EA000045D0100014B9B68184700BF045D010081
:109EB000014B1B6A184700BFB0360100014B5B6ABB
:109EC000184700BFB0360100FFF7B8BE30B5214CCF
:109ED00083B0A56A69461820A84718BB01A90420C9
:109EE000A84748B11C4B1B68012B29DCFFF7BCFFBE
:109EF000236A984703B030BD0199E36A21F002015B
:109F00000191042098470028F0D0134B1B68012BC7
:109F1000ECDD124A12491348FFF768F81248FFF7C0
:109F200065F8E3E70C4B1B68002BE3DD0B4A0F4998
:109F30000C48FFF75BF80E48FFF758F803B030BD48
:109F4000064A07490748FFF751F80A48FFF74EF855
:109F5000CCE700BFB036010084020020AC22010033
:109F600028220100741E010018240100701E010047
:109F700098230100E423010010B5134B82B01B6845
:109F80009847124B04469B6A01A91820984701285C
:109F90000BD0002C019BB8BF1524802BD4BFC4EB81
:109FA0000300C4F1800002B010BD094B1B68002BF8
:109FB00001DC0020F7E7074A07490848FFF716F8D1
:109FC0000748FFF713F8F4E7045D0100B03601001D
:109FD00084020020AC220100701E0100741E0100EA
:109FE0004C24010010B582B0FEF758FB032801D1C4
:109FF00002B010BDFFF756FF002811DA474B1B686F
:10A00000002BF5DD464A47494748FEF7EFFFFEF7CC
:10A0100045FB0146454802B0BDE81040FEF7E6BFEB
:10A020000E20FEF793FB4249FDF7B0FF68B9FEF73B
:10A0300095FB50B9394B1B68012BD9DD384A3D4996
:10A040003948FEF7D3FF3C4810E00D20FEF77EFBB9
:10A050003749FDF79BFF70B1304B1B68012BC7DD03
:10A060002F4A34493048FEF7C1FF344802B0BDE8FA
:10A070001040FEF7BBBFFEF7E3FBB0B1274C2368EF
:10A08000012B1CDC0820FEF74FFB0028B0D0022378
:10A09000ADF80430FEF7FEFA294B8278DB688DF8C4
:10A0A0000620032101A89847A2E7FEF7F1FB08204C
:10A0B000FEF73AFB20BB234B9B68984798E7184A6A
:10A0C0001C491948FEF792FF1F48FEF78FFF2368CF
:10A0D000012BD7DD0D20FEF739FBFCF77FFF23684E
:10A0E000012BCFDD0720FEF71FFB01461748FEF7C7
:10A0F0007DFF0820FEF718FB00283FF479AFC6E784
:10A100000223ADF80430FEF7C5FA0D4B8278DB6808
:10A110008DF80620032101A89847CCE7840200208F
:10A12000AC220100701E0100741E01008024010099
:10A130009C2B00202822010094240100A02401006F
:10A14000B0360100505D0100B8240100E024010098
:10A15000014B024A1A607047483500200100FD009B
:10A1600010B51A4C0220A179FEF7D6FAA379112B6B
:10A1700017D0062B07D03A2B1DD0BDE81040002188
:10A180000120FEF7C9BA124B1B8828331A19E15A6D
:10A1900053889942BDE8104028BF19460120FEF7B8
:10A1A000BBBA218D638D9942BDE8104028BF194686
:10A1B0000120FEF7B1BA064B28341B88E15A49BA90
:10A1C000BDE8104089B20120FEF7A6BAD0450020B4
:10A1D0001E6D002038B5137891F808C083F0020393
:10A1E0009C45044615D0214D0B89286833B94B890D
:10A1F000B3F57F4F02D18B89FE2B2BD0082211445F
:10A2000007F01EFC2B6801200833A0402B60C0B271
:10A2100038BD487A53789842E5D1887A9378984245
:10A22000E1D1C87AD3789842DDD1087B137998427E
:10A23000D9D1487B53799842D5D1887B937998427C
:10A24000D1D1C87BD3799842CDD1032303FA04F04E
:10A25000C0B238BD02220E3107F0F2FB2A68022399
:10A260001A4403FA04F02A60C0B238BD4435002015
:10A2700070B5124B1B680C46154613B19B68084617
:10A2800098470F4B0E201C60FEF760FA0D490646FA
:10A29000FDF77CFE00B170BD2A4621463046FDF731
:10A2A00095FD094B304621462A465B6C9847294666
:10A2B0002046BDE8704001F079BC00BF5435002055
:10A2C000183C0020FC5C01008C5D0100F8B50746DD
:10A2D0000E46FEF7E3F9134B1A78851A6B1E6D2BA9
:10A2E0000AD81148002384469CF802400CF1710CF6
:10A2F00034B101330C2BF7D14FF0FF352846F8BDB0
:10A300000A4909681144C3EBC30203EB0213C218E4
:10A31000C75403335670957018442A4607F090FBD3
:10A320002846F8BD416D002058350020243C00200F
:10A330002DE9F84316090F2E07461D4602F00F04BB
:10A3400019D00F2C0AD0002E45D1C4F11009314686
:10A350004A4607F006FBDCB9BDE8F8833EBB2C4D4E
:10A360001022296807F06CFB4FF010082B6843445B
:10A370002B60BDE8F8830F2C4FF0100218D007F0C7
:10A380005FFBF4B929463846BDE8F84302F02CB922
:10A390001F4D2246296807EB090007F051FB022CEC
:10A3A000A046E3D14FF6FF63A7F80B30DEE7324655
:10A3B000174D07F045FB29681022384607F040FB8F
:10A3C000D2E7134DC4F11000296838442246A04654
:10A3D00007F036FBCAE7324607F032FB32190F2A84
:10A3E00007DCC2F110020021B81907F0BAFA002CFC
:10A3F000C8D0074DC4F1100029683844224607F040
:10A400001FFB022CA046B1D10A2EAFD8CAE700BF6D
:10A410004435002070B5194B194E1B68194C0D4678
:10A420001949226801443078184407F009FB236871
:10A430003078184480B2FEF717F9FEF7ABF9D0B1C7
:10A44000044629460E20FEF775F9104B10489B680C
:10A4500000219847F6F792FD2046FEF7D9F92046ED
:10A46000FEF7C0F90B4B1868012804D00328CCBFB5
:10A470000020012070BD002070BD00BF243C0020E2
:10A48000416D0020203C0020D0450020305D0100BF
:10A4900071A20000183C00202DE9F04F874A884F38
:10A4A000DFF84882002389B004463B701370FEF742
:10A4B00015F8FEF7DFF8834BC8F800001B680BB1F6
:10A4C000FFF74EFE06A80390002C00F0E680214620
:10A4D000FDF758FD042003F045FC01460620FEF779
:10A4E0001BF90399DFF808920E20FEF723F9764B4B
:10A4F0009B6998470028C9F800000BDD6F4BD8F81E
:10A5000000101A78714E02328B18084433602633DB
:10A51000834203D3002009B0BDE8F08F00238B54A1
:10A520006B4D2B78012B07D16A490822A81C07F034
:10A530004BFA002800F0B5802B78012B07D1664933
:10A540006648082207F040FA002800F0AA8000249C
:10A55000DFF88CA19AF801109AF800300A0942EA53
:10A56000031203F00F0CC2F3850343EA82135AB2BD
:10A570005FFA83FB11F00F030CD1BAF8020048B95F
:10A58000BCF1000F40F092800F2900F28F807823F9
:10A59000049310E03068BCF1000F02D10F2940F2A3
:10A5A0003C834F49042207F04BFA6023049333683D
:10A5B00003F804BB33609AF806302C2B00F2C182FA
:10A5C0005A1E292A00F2C082112B00F0BD82326887
:10A5D00002F8013B32609AF80730402B00F0EC8221
:10A5E000FF2B00F0E482012B40F0DC82049B43F05F
:10A5F00001030493BAF80A20BAF808301343BAF8F2
:10A600000C201343BAF80E201343BAF8102013435A
:10A61000BAF812201343BAF814201343BAF81620DC
:10A6200013439BB2002B40F0598144F040049AF848
:10A630001830FF2B40F07C819AF81930BAF81A20B4
:10A64000306844F00801022B059100F0C382002A13
:10A6500052D1BAF81C1000294ED1BAF82010BAF81D
:10A660001E200A43BAF8221092B2114342D19AF83E
:10A670002420002A00F0E0829AF82220002A3BD110
:10A6800000F8013B174944F009030522059307F040
:10A69000D7F930680630306035E01349FDF772FCB9
:10A6A00018E7336801333360802451E7336803F8D7
:10A6B00001BB3360702304937DE700BF416D002030
:10A6C000406D002054350020305D010044350020ED
:10A6D00048350020E8450020D84500204A350020B4
:10A6E000D0450020F3450020FC5C0100243C002004
:10A6F0001C3C0020002ABFD0A549102207F0A0F979
:10A70000306810303060DFF8A4B2019028230025B3
:10A710003B705B46AB461D46002D50D02A782C2A54
:10A7200000F24881511E292900F28881112A5D46D4
:10A7300045D128355544D8F8004029886B88D9F888
:10A74000002049BA89B221F00F0C4FF2B00E5BBA6B
:10A750002244F44500F101049BB2346000F0898189
:10A7600003F47F43B3F5704F00F0A58101F47F41FE
:10A77000B1F5704F00F0868101990530F0238242D7
:10A780000B707FF6C7AE04222946204607F058F921
:10A790003368D8F80020D9F80010043333600A4435
:10A7A000991C8A427FF6B6AE1846A91D022207F010
:10A7B00047F930683B780230083330603B70754EA3
:10A7C000D8F80030327804999954C01A1344724D65
:10A7D000059A30705A7003990E20FDF7ABFF397857
:10A7E00028883378D9F80040421AD618A64240F398
:10A7F0008981E61A043E26F00706A4F1050B921B98
:10A80000A2EB0B02002ACCBF02F1FF3402242BF092
:10A810000709C4BF94FBF9F40334FDF7B5FFA04268
:10A820007FF778AE002EFFF675AE5C4B5C4A1C8855
:10A83000DFF87CA100211160621CD8F800101A809A
:10A84000544B081D1A7807F0CFF82A88D8F8001062
:10A85000CAF80060120A4F4ECC7062F03F020A70D4
:10A86000327838780432240A32702A888C704A7020
:10A870000399FFF7CFFD00283FF44CAE2A88D8F8A3
:10A8800000103C78120A62F01F020A702A884A708F
:10A89000DAF8002014442A88A4B2052094423070CB
:10A8A00080F04D81039E134609E0DAF8003023441E
:10A8B0009CB22B88A34240F24281D8F800101B1BA7
:10A8C0009B45B8BF4B46CAF80030E3080B712046E1
:10A8D0003146FFF79FFD0028E7D11BE62B78012BBF
:10A8E00007D130493048082207F06EF8002800F000
:10A8F000F680BAF8082048F2FE039A420BD1BAF863
:10A900001C20BAF81A301343BAF81E2013439BB226
:10A91000002B00F0568123493068102207F090F890
:10A920003368103333609AF81830FF2B3FF484AE4D
:10A930002B78012B07D116491B48082207F044F851
:10A94000002800F01881BAF8182048F2FE039A4255
:10A9500013D1BAF81C30BAF81A001843BAF81E30EE
:10A96000184380B248B90A49039AFFF733FC44EA16
:10A970000003DBB230680593C5E605493068102254
:10A9800007F05EF83068059410303060BBE600BF19
:10A99000E8450020416D00201C6D0020146D002052
:10A9A000183C0020D84500204A350020D64500201C
:10A9B000203C00203C2A7FF402AF0BF12805032342
:10A9C00055440293D9F80010D8F800206C780A4456
:10A9D0002978E400112904F1080409D041B12C2997
:10A9E00042D82A2904D801309042BFF493AD306098
:10A9F00001198A427FF68EAD2246294607F020F8DB
:10AA00003168E2B20819A344941E4C703978306062
:10AA10000A443A702A782C2A1AD8511E292926D895
:10AA2000A2F11102B2FA82F25209029B42EA4302F7
:10AA3000019B019062F01F021A706DE62B2A4BD029
:10AA40002C2A0BD0002302930BF128055544B9E7BB
:10AA5000A2F13C02B2FA82F25209E6E70BF12805B4
:10AA6000022355440293ADE73C29C1D0BBE7012244
:10AA7000DBE723F00F0171456BD003F47F43B3F59F
:10AA8000704F18D00199F2230B70031D9A427FF684
:10AA900041AD2946022231F8023B1B0A43701044A3
:10AAA00006F0CEFF3368D8F80020D9F80010033341
:10AAB00033600A4474E601990430F12382420B703A
:10AAC0007FF628AD02222046294606F0B9FF6A88A3
:10AAD0003368120A9A70E6E701230293B4E75D4BEC
:10AAE000D8F800101B7868780233CA5C42EA00127A
:10AAF000CA540420584A5949FFF76CFB60F03F04E0
:10AB0000E4B294E58842FFF405ADD8F80000514462
:10AB1000184406F095FF4F4B2A8818783B7810446C
:10AB2000C01A80B2FDF7A0FD03990E20FDF702FECA
:10AB30004B4B4C489B6800219847F6F71FFA0120C1
:10AB4000E9E43C2B7FF443AD049B43F004030493FE
:10AB500041E50199F3230B70831C9342BFF4DAACF7
:10AB60002C8869883360240A090A01EB041101F575
:10AB7000AA61417014E6374B95F801C01B78D8F8EC
:10AB8000005039490233EA5C42EA0C02EA54039A63
:10AB9000FFF720FB44EA0003DBB243F00403306814
:10ABA0000593B0E5326802F8013B326022E5049B70
:10ABB00043F0030304931DE5049B43F00203049355
:10ABC00018E5254A25490420FFF704FB44EA000361
:10ABD000DCB22CE5002A7FF48FADBAF81C10BAF86D
:10ABE0001E20BAF820500A432A43BAF822502A43BA
:10ABF000BAF824502A4392B2002A7FF42CAD9AF876
:10AC00002620002A7FF433AD44F00B0305939AF815
:10AC1000273000F8013B306075E522F03F02134316
:10AC200000F8013B1149022206F00AFF6823049351
:10AC3000336803333360BEE400F8013B0C4944F051
:10AC40000A030322059306F0FBFE306804303060EF
:10AC500059E500BF416D0020D04A0020D8450020B2
:10AC6000305D010071A20000E8450020D2450020BF
:10AC7000F54500202DE9F04707461446002A3BD150
:10AC8000614E36F8063C88464FF0FF3543B9002D3B
:10AC900012DBB836A4B936F8063C0124002BF6D0F6
:10ACA0003046FCF75DFC002840F08480002DF0DA8F
:10ACB00036F8063C002BECD165B2B836002CEAD051
:10ACC000002D21DBDFF84491B82405FB04F409EBE7
:10ACD00004060D20A6F812803782FDF737FD0146E5
:10ACE0003046FDF74FF904F1180048444021FCF7C5
:10ACF00021FC2846BDE8F087444E338A834208D0C1
:10AD0000B6F8C830BB4224D04FF0FF352846BDE826
:10AD1000F087738A002BF3D00D20FDF717FD014655
:10AD20003046FDF733F90028EAD00025EFB221467E
:10AD30003846FFF7CBFA00281ADB0028E4DDB823F9
:10AD400003FB05666DB2B38A1844B0822846BDE89D
:10AD5000F087B6F8CA30002BD6D00D20FDF7F6FCF0
:10AD600001462B48FDF712F901250028CCD0DDE77C
:10AD7000DFF8948038F8063C4FF0000AD1462BB13A
:10AD8000A94503D04046FCF7EBFB30BB08F1B808FF
:10AD9000B9F1000F06D138F8063C4FF00109002B3D
:10ADA000F4D0EDE7BAF1000FAEDD21463846FFF7EB
:10ADB0008DFAC2E7174B4FF0000C26F806CC03F2D1
:10ADC0004C51E0B29A7822B11A78824208BF83F8D7
:10ADD00002C071339942F5D159E70E4B002028F893
:10ADE000060C5FFA89FC03F24C5186469A782AB128
:10ADF0001A78624504BF83F802E0013071338B4258
:10AE0000F4D18244C2E700BFBC3A0020A43A00203B
:10AE10005C3B0020583500202DE9F04F0D208BB011
:10AE20007F4F804D804EFDF791FC4FF0000BFDF7FA
:10AE30002BF887F800B085F800B0FDF71BFC3060F8
:10AE4000FDF72CFC10B90BB0BDE8F08F02F078FED6
:10AE50000420FDF769FC754B00B218600420FDF773
:10AE600063FC0146062002F087FF0320FDF75CFC2F
:10AE70000146072002F080FF31680C8864BAC4F3F1
:10AE8000072303F0F803C02BA4B200F0A180E02B4D
:10AE90002FD05B46CDF804B0DFF8ACB100934FF48F
:10AEA000A06A02932B786248CA5C4FF0000C80F8CD
:10AEB00000C002F0F00CBCF1F00F00F0A48002F032
:10AEC000E000602800F0C280412ABCD10133DBB22F
:10AED0001944282258462B7006F0B2FD2B782833EF
:10AEE0002B703B7828333B704FF00008029CC14622
:10AEF00022E0488891F804902B78C4F30A0440BA01
:10AF00000533214680B24A4600942B70FFF7B2FE0B
:10AF1000411C019097D0474BB82202FB0033B3F895
:10AF200014A00123A24534BF4FF000084FF00108E0
:10AF30004FF4A06A5C460293FDF7B0FB2B78834286
:10AF400081D8FDF7ABFB2B783B4DC21A38782A60CD
:10AF500000EBC9099144B9F5A06F00F2B081BBF1D3
:10AF6000000F08D0111851453FF76DAF31685844B4
:10AF7000194406F065FD009B002B00F0978154B149
:10AF80002A683B78019813442A4AB82101FB002221
:10AF90009BB293821384B8F1000F40F0E381029BCF
:10AFA000002B7FF450AF2B683C781C44A3B2009375
:10AFB000224D234A2B680099118023B1FFF7D0F866
:10AFC0002B685B6898470BB0BDE8F04F00F0C0BB42
:10AFD00048882B7840BAC4F30A0104335A4680B239
:10AFE00000912B70FFF746FE01460190481C3FF48C
:10AFF0002AAF144BB82202FB013B012331680293B4
:10B000004FF0940A4EE70133DBB202F00F0C12F05E
:10B010000E0F2B7080F800C07FF415AFCA5C4EE7AE
:10B02000406D0020416D0020243C0020143C002095
:10B030003F6D0020A43A0020203C00205435002021
:10B040001C6D0020C63A0020D0450020FDF726FBED
:10B050002A780390531C8342BFF6F5AE3368B94C8F
:10B0600013F802909818911C90F901201944002AB5
:10B0700021609046447802DAB24A0131116019F039
:10B08000100F09F0080240F02F81AE480168CB1A7A
:10B09000002A40F0AE81039A03339A427FF7D3AE81
:10B0A000013103220BF1010006F0CAFCA5489BF810
:10B0B0000110026812F8043B02609A0802F03002A4
:10B0C00042EA831201F00F01C3F383030A4343F002
:10B0D00060038BF801208BF8003019F0040304930F
:10B0E0000CD1984932680B6803989A1A90427FF7FE
:10B0F000AAAE13F8012B8BF806200B6019F0030998
:10B1000000F01181904B13F809308BF8073062067C
:10B11000C4F3011340F1B6814246002AC0F2D8813F
:10B120000022002B00F0BC818849087891F801C00A
:10B1300001287FF488AE94457FF485AE02310BF18F
:10B140000809834A0691D25C05920D20FDF7FEFAAC
:10B15000DDE9052103464846FFF7EAF814F0080048
:10B1600004F0030204F0040300F06781DBB940F24D
:10B17000FF23ADF82430531E012B0CD871483168E1
:10B180000368039C591A8C427FF75DAE13F8011BCC
:10B190008DF8251003606F4B09A99A5C0BF118001C
:10B1A0000023FFF7C5F83B78039828333B70654BC5
:10B1B0001A683368D11A88427FF745AE049900298E
:10B1C00000F0BA810BF1060100240BF12809CDF83B
:10B1D00018B0CDF81CA0A0468A4683464CE0911CCE
:10B1E000584892F801E00160CA1A93457FF72BAEE8
:10B1F000544811F8012B0160049840073FF523AE35
:10B200005548079C10F80C008AF800000698A9EB36
:10B21000000002301044A0423FF715AE901C4FEAE8
:10B22000D00CC01000F0BC81CB1A501C03440CF1B0
:10B23000FF3C9B4589F800E089F801C0CA46FFF64B
:10B2400002AE09F10200049206F0FAFB3D4899F8BB
:10B2500001300168049A0133DB000A443978026046
:10B260009944DBB298440B443B70059B5FFA88F825
:10B27000002B00F059813368147804F0F001E029C4
:10B2800040F069812F48511CA1EB030E0160C4F30B
:10B29000420C6008F34504F00104049005947FF724
:10B2A000D2AD002C9BD04FF0000EA1E7029B002BEB
:10B2B0003FF479AEB8F1000F7FF47AAEC3E5274AC8
:10B2C0009DF80480264BB82101FB08220020508203
:10B2D00003F24C519A781AB11A78424508BF987017
:10B2E00071338B42F6D1AEE5002A40F09F801549BC
:10B2F00003980968CB1A98427FF7A5AD0B78C3F382
:10B30000830343F060038BF8003011F8010B0D4B01
:10B31000ABF802201960830803F0300343EA80137E
:10B320008BF80130D9E6074932680B6803989A1AFE
:10B3300090427FF788AD13F8012B8BF807200B6044
:10B34000E5E600BF44350020605D0100483500207F
:10B350006C5D0100685D01004C5D0100A43A0020B5
:10B3600058350020019ADFF82893B82302FB03F335
:10B3700009EB0306009A718AB282328C9142C0F0C6
:10B380009380B1F5A06F00F28F80BB4CDFF804A36F
:10B39000223309EB0301204606F052FB308C728AFF
:10B3A0000021121A204406F0DCFAAAF10306DDF8A7
:10B3B00004800AF24C5B04E00AF1710AD34500F004
:10B3C0008D801AF8012C002AF6D01AF8033C984513
:10B3D000F2D11AF8021C02EBC103B3F5A06F4FEAD9
:10B3E000C10104EB010000F2ED80514606F028FB9C
:10B3F000E2E760228BF80020039A02339A427FF73B
:10B4000022AD11F8010B022220FA02F303F03003FF
:10B4100000F00F0003438BF801300BEB020006F045
:10B420000FFB964A13680333136056E66023ABF8AC
:10B4300000300023ABF802304FE6002B66D04346C5
:10B44000002B05DA297833680B449B7803F00F0052
:10B45000DFF8449299F8003099F80110012B7FF43D
:10B46000F2AC81427FF4EFAC854B0E209C5CFDF783
:10B470006DF92246034609F102010BF11800FEF7AF
:10B4800057FF90E67F4A0D2012F80390FDF75EF912
:10B490007D4903464A460BF10800FEF749FF5DE689
:10B4A0000BF1080919464CE69DF80480774BB82249
:10B4B00002FB08920020508203F24C519A781AB194
:10B4C0001A78424508BF987071338B42F6D1BAE4BE
:10B4D000297832680A449278120922E69DF804809D
:10B4E000B82303FB08990021A9F8121006F24C5268
:10B4F000B3781BB13378434508BFB1707136B2429F
:10B50000F6D1029B002B3FF44EAD51E55D4B0E2072
:10B5100013F80290FDF71AF95B4903464A460BF10E
:10B520001800FEF705FF3EE63368D21A039B9342EC
:10B53000DDE906BA7FF787AC504B32681B689B1A6F
:10B540002B70009B7BB3009B283B8BF805301B12B4
:10B550008BF80430C8E4494B039A19683368DDF866
:10B5600018B0CB1A9A425046DDF81CA07FF76BAC9E
:10B570000A7802F0F802F02ADED1A9EB0B020732BA
:10B580005245BFF660AC112202700C7804F0F30251
:10B59000F03A032A3FF657ACDFE802F0B59F802867
:10B5A00089F801004FE4FDF779F82A78DDF800907A
:10B5B000029C831A3A781344283B5BBAABF80430F8
:10B5C000C846B9E4019AB82303FB029300215FFA4D
:10B5D00082F8598206F24C52B3781BB13378434556
:10B5E00008BFB1707136B242F6D12CE4039A013330
:10B5F0009A427FF728AC4B781B09A3F575631B02B1
:10B6000043F0F003A9F800304B7803F00F03A3F5E3
:10B6100075631B0243F0F0030231A9F80230174AA8
:10B62000630711600FD433680398CB1A0133984233
:10B630007FF709AC022209F1060006F001FA0F4A71
:10B64000136802331360FDF729F80C4A3168126859
:10B6500003460098002837D04246A0F128039B1AE1
:10B660009BB21A0212B21B0A1343A9F804303B78AA
:10B6700008333B7060E700BFD04500204435002010
:10B680006C5D0100705D0100645D010058350020B3
:10B69000A43A00205B35002048350020039A03338C
:10B6A0009A427FF7D0AB4B78A3F5805348461B02F4
:10B6B00043F0F00320F8023B0231022206F0C0F909
:10B6C0001C4B19680431AAE7521AC2F1080213444C
:10B6D0009BB21A0212B21B0AC6E7039A03339A42BC
:10B6E0007FF7B1AB01310222484606F0A9F9114BB0
:10B6F0001968CB78A3F580531B0243F0F0030431A3
:10B70000A9F802308BE7039A04339A427FF79BAB88
:10B7100001310222484606F093F9064B19680222CD
:10B72000033109EB020006F08BF9024B1968053171
:10B7300075E700BF4435002010B5144601F0FEFD4A
:10B7400018B1024BC4611B68836110BD74290020CD
:10B75000002108B50846FCF77BFE18B1BDE808409B
:10B7600002F0EEB9024602210348FBF707FEBDE8EE
:10B77000084002F0E5B900BF3003002070B5424D2B
:10B780002B8888B013B3B3F5A06F404C404E29D836
:10B79000618B238BA28B0B43E18B1343228C0B43D6
:10B7A000618C1343A28C0B431343E28C13439BB273
:10B7B000C3B1736B984720B3237EFF2B04F11800AD
:10B7C00006D000F0DDFC88B12B886BBB08B070BDE3
:10B7D000002421460120FCF73BFEB8B92D4B204642
:10B7E000DB68984702F0ACF908B070BD336C04A870
:10B7F000984770B904F1180000F09CFCD8B11834D7
:10B8000008E008B0BDE8704002F09AB902F098F97B
:10B81000E8E704AC204600F097F90546E8B1284671
:10B8200000F08CF90446D4E7012001F0D9FD2B8803
:10B83000002BCBD0A7E704F1180000F095FA0546DD
:10B84000E0B100F083FA04460028E3D12846F36C07
:10B850009847284600F0D6FAC4E7214602A800F02F
:10B86000CFFE0922CDE9002501232A4602A9204660
:10B8700000F0B4F805460028D1D1B3E700F05EFB34
:10B8800004460028AED0C5E71C6D0020D04500203E
:10B890008C5D0100505D010038B503880446C3B1DA
:10B8A000B3F5507F03D000232380032038BD8729C0
:10B8B00034D021D801293FD0022918D1254D2B8819
:10B8C000ABB1012001F08CFD2B8883B1FFF756FF4F
:10B8D0000DE0FBF763FC204B024640211F481A7025
:10B8E000FBF720FB01F0BEFC1D4B5B6898474FF453
:10B8F00050732380012038BD8829F8D1174B9A4214
:10B9000024D0184B9A42F2D11046FBF71FFB0028B7
:10B91000EDD000F095FBFFF731FFE8E7124B4FF059
:10B92000000C03F5807099698A4208BFA3F810C023
:10B9300020338342F7D1DAE7002AD8D00B4B052019
:10B940001A6001F04DFDFFF719FFD0E71046FBF735
:10B95000FDFACCE71C6D0020426D0020283C002041
:10B960008C5D0100F4420020C0440020C04500204E
:10B97000074B1B6843B12833186820B105495A6842
:10B980000978FBF7FBBC7047034B1B681833F3E7E0
:10B99000C4450020426D0020C045002050B110B5C4
:10B9A000054B04469B6C984721460448BDE810406F
:10B9B000FCF7D8BC704700BF8C5D0100400300203D
:10B9C00008B5FCF7CBFABDE8084002490248FCF78D
:10B9D000A1BB00BF9DB900004003002070B51E460A
:10B9E0009DF81020059B05460A48FCF735FC0446E7
:10B9F00068B1094BD5F800C06968AA68ED689B6C0E
:10BA0000C560C0F800C04160826046749847204617
:10BA100070BD00BF400300208C5D0100F0B589B00F
:10BA2000002865D00F46002962D006463748FCF74B
:10BA3000F7FB0446002841D13168122203A805F023
:10BA4000FFFF3568E5B1324B28469B6C98472F487D
:10BA50002946FCF787FC98B10523CDE900349DF811
:10BA60001C209DF81D30394603A8FFF7B7FF306052
:10BA7000B0B1122203A905F0E3FF204609B0F0BDE2
:10BA8000244B1B68002B08DD2349244A2448FDF77A
:10BA9000ADFA24492448FDF7A9FA4FF0FF30EDE74D
:10BAA0001C4B1B68002BF8DD1C4A1B491C48FDF78A
:10BAB0009DFA1C491D48FDF799FAEEE7154C2368DD
:10BAC000002BEADD154A14491548FDF78FFA154990
:10BAD0001748FDF78BFA2368002BDEDD3846FBF7AD
:10BAE0007DFA2368002BD8DD1248FDF77FFAD4E7F2
:10BAF000084B1B68002BD0DD084A07490848FDF7B2
:10BB000075FA08490C48FDF771FAC6E740030020B2
:10BB10008C5D010088020020701E010008250100D4
:10BB2000741E0100745D0100642501008825010078
:10BB30002C25010040250100142501000146014883
:10BB4000FCF770BC4003002070B5B0B105460C484E
:10BB5000FCF73AFB044680B1094E05E02146304629
:10BB6000FCF7FAFA044640B110222946204605F0B7
:10BB70002BFF0028F2D1204670BD0024204670BD66
:10BB80004003002001460148FCF74ABB4003002067
:10BB900008B5FFF7D9FF28B10146BDE808400248C3
:10BBA000FCF740BC08BD00BF40030020704700BF49
:10BBB0002DE9F047054610488A461746FBF7E2FC98
:10BBC000C0B1DFF83880DFF8389004460BE0D8F8D1
:10BBD000003066683A4651462846B0472046FBF793
:10BBE0007BFD044630B1012DF1DC4846FBF732FD08
:10BBF0000346EEE7BDE8F087583D0020A43D002055
:10BC0000A03D00202DE9F041054629462748FBF7D5
:10BC10000BFD6B685868FBF7B5FC044628B93BE0A0
:10BC2000FBF75AFD0446002836D063689D42204643
:10BC3000F6D16B6821465868FBF7F6FC6B685868CC
:10BC4000FBF7A0FC50B31A4E1A4F1B482946FBF7CE
:10BC500075FD21461948FBF771FD3B68696830683E
:10BC6000013B3B60FCF7DEFBFFF78CFF0646144808
:10BC7000FBF788FC05F10808044658B13B68656885
:10BC8000324641460320A8472046FBF725FD0446DF
:10BC90000028F3D1BDE8F0810024CAE76B68044EA8
:10BCA00059683068FCF75EFBCEE700BF38400020E3
:10BCB00074030020A43D00205C03002068030020E2
:10BCC000583D0020B0B110B50446406838B910BDE9
:10BCD000406818B143680BB1FFF794FF6068FBF749
:10BCE00051FC0028F4D1044B21461868BDE81040EF
:10BCF000FCF738BB704700BF74030020FFF7E2BFBA
:10BD000008B50B48FBF7ECFC0A48FBF737FC0A4B7D
:10BD10000A491868FCF7FEF90948FBF7E1FC0948F5
:10BD2000FBF72CFCBDE808400748FBF727BC00BF29
:10BD30005C0300203840002074030020FDBC00009C
:10BD400050030020A03D0020583D002048B108B518
:10BD5000044A41681068FCF765FBBDE80840FFF73E
:10BD600011BF704774030020F8B500283BD0064689
:10BD70001E48FBF707FC044648B300252F4604E0A5
:10BD80002046FBF7A9FC0446F8B194F82420AA4207
:10BD9000F6D3D20804F10801304605F015FE00285C
:10BDA000EED194F82450802D2746E9D10F48FBF7B7
:10BDB000E9FB874218D039460C48FBF735FC0B48A5
:10BDC0003946FBF711FC3846F8BD002FEED1084B81
:10BDD0001B68012B07DD074A07490848FDF706F9EC
:10BDE0000748FDF703F900273846F8BD3840002022
:10BDF00088020020B825010028220100741E0100DD
:10BE0000C425010018B143680BB1FFF7FBBE7047B2
:10BE100010B504460E48FBF7B5FB40B1A04202D175
:10BE200006E0844204D0FBF757FC0028F9D110BD8E
:10BE300021460748FBF7F8FB21460648FBF77EFC46
:10BE4000221D0120BDE810401146FFF7B1BE00BF22
:10BE5000A03D00205003002038B5A0B105460B4896
:10BE6000FBF790FB044628B90DE02046FBF734FCB5
:10BE7000044640B110222946201D05F0A5FD0028EA
:10BE8000F3D1204638BD0024204638BDA03D002017
:10BE900070B560B30E460446FFF7DEFF0546C0B13D
:10BEA00020686168A268E36805F1040CACE80F0043
:10BEB00046B901232B77224621460020FFF778FE62
:10BEC000284670BD314605F11400FBF71BFB00232B
:10BED000F0E71248FBF716FC054620B1104829464A
:10BEE000FBF782FBDCE70F4D2B68002B01DC002504
:10BEF000E6E70D4A0D490E48FDF778F80D48FDF7C5
:10BF000075F82B68002BF2DD2046FBF757F82B68FD
:10BF1000002BECDD0848FDF769F8E8E75003002046
:10BF2000A03D002088020020B8250100701E0100FD
:10BF3000741E010088260100B826010038B50B48A0
:10BF4000FBF720FB044678B1251D2846FFF7FCFDD2
:10BF5000034620460BB15B7C23B9FBF7BDFB0446CF
:10BF60000028F1D1284638BD0546FBE7A03D00205A
:10BF700038B50F48FBF706FB70B10D4D0446237F23
:10BF800004F1140013B9FBF7C5FA30B92046FBF7EA
:10BF9000A3FB0446002CF2D138BD2046FFF738FF42
:10BFA0002846FBF7EFFA0446002CE8D1F4E700BF7F
:10BFB000A03D00202DE9F843DFF87890C27B1B4FAD
:10BFC00089F80D20002340F2FF22C9E900233B60DD
:10BFD000038A174CA9F80E304FF08073C9F8083067
:10BFE000FF23804604F17E0689F80C3003E03D60B3
:10BFF0001234A64212D014F8023CA51E002BF6D033
:10C0000010224946204605F0DFFC0028F0D100232D
:10C010003D60287088F80030BDE8F88300233B605D
:10C02000002388F80030BDE8F88300BF604100209D
:10C030007642002068410020004870474C410020B3
:10C0400038B5124B124C1846236003F1600504E02A
:10C0500020682030A842206010D20378002BF7D04F
:10C06000037D002BF4D11830FBF754FA0028EFD0F1
:10C0700020680028EDD0FFF79DFFE9E7FFF778FF84
:10C08000BDE838400348FAF757BF00BFF041002031
:10C0900064410020F44200202DE9F04F83B0019369
:10C0A000E0B1224F224C00238946934682463B60F2
:10C0B0004FEAD10804F1600603E03D602034B44249
:10C0C00010D014F8023CA51E002BF6D04246514673
:10C0D000204605F079FC0028F0D13D60002003B037
:10C0E000BDE8F08F3B68002BF8D001221A70386849
:10C0F000DAF80830DAF80040DAF80420DAF80C1040
:10C10000C0F80A30019B03770C9B43610D9BC0F87C
:10C110000E10C0F80240C0F8062080F8129080F897
:10C1200013B0836103B0BDE8F08F00BF5C41002015
:10C130007A41002070B50E4A0E4C13460646226026
:10C1400002F1600504E023682033AB4223600CD287
:10C150001A78002AF7D09A7C3146D208981C05F04C
:10C1600033FC0028EFD1012070BD002070BD00BF5E
:10C17000784100205C41002008B1FFF71BBF7047E9
:10C180002DE9F041D8B1104F104C002380463B60A0
:10C1900004F1600603E03D602034A6420FD014F89D
:10C1A000023CA51E002BF6D010224146204605F089
:10C1B0000BFC0028F0D13D602846BDE8F081002549
:10C1C0002846BDE8F08100BF64410020F241002014
:10C1D00070B4124A124D13462A60002148F2FE0440
:10C1E00002F1600C08E09A7C82420AD02033634559
:10C1F0004FF001010DD01E461A78002AF6D0421CDD
:10C20000F1D15A88A242F1D129B12E60184670BCF2
:10C2100070472B600023184670BC7047F041002027
:10C2200064410020002835D02DE9F0411A4F1B4C05
:10C23000002380463B6004F17E0603E03D6012343B
:10C24000A6420FD014F8023CA51E002BF6D01022F7
:10C250004146204605F0B8FB0028F0D13D600020A3
:10C26000BDE8F0813B68002BF9D001221A703868D4
:10C27000D8F80010D8F80420D8F80830D8F80C40C6
:10C28000C0F80E40C0F80210C0F80620C0F80A300E
:10C29000BDE8F08100207047604100207642002018
:10C2A00000285CD02DE9F0472E4F2F4C0023894603
:10C2B000924680463B6004F1600603E03D60203416
:10C2C000A6420FD014F8023CA51E002BF6D0102277
:10C2D0004146204605F078FB0028F0D13D60002063
:10C2E000BDE8F0873B68002BF9D001221A703B684B
:10C2F000D8F80040D8F80400D8F80810D8F80C5046
:10C30000C3F80E50C3F80240C3F80600C3F80A1081
:10C3100083F813A0B9F1000F18D11A751348012240
:10C3200040F2FF240021C0E900419A744FF080716F
:10C3300098F80D20B8F80E308160FF210173427328
:10C34000C381FFF76FFF3868BDE8F08700221A75D8
:10C3500003F118004946FBF7D5F83B68DEE70020FB
:10C36000704700BF64410020F24100206841002076
:10C3700070B5414A548813889188D08823430B4371
:10C380001189548903430B439089D1892343034383
:10C390000B439BB282B023B9FD21C2E90013C2E96D
:10C3A0000233364DFFF70CFBFFF7AAFC6022002199
:10C3B000334805F0D6FA4FF48E720021284605F076
:10C3C000D0FA304B304A202018704FF4A063182167
:10C3D00040262B604EF660231170AB602E71FBF788
:10C3E000E9F90446FBF7E6F92402AB68A4B220445D
:10C3F000B0FBF3F203FB1200244C00F5EA40314697
:10C40000303000264FF47A7348F2FE022B61CDE9FA
:10C4100000663346C4E90026E8602E7532462046A1
:10C42000FFF73AFE0822A018194905F009FB237A04
:10C430003146012283F002032046237240F2FF2599
:10C44000FFF72EFF4FF080732046C4E90263C4E972
:10C450000056FFF7E7FE4FF000732046C4E9005690
:10C46000C4E90263FFF7DEFE0A484FF4F05102B060
:10C47000BDE87040FAF756BD4C410020D84100207D
:10C4800078410020446D0020436D00206841002069
:10C49000D04A0020F44200202DE9F041D8B1104FDD
:10C4A000104C002380463B6004F17E0603E03D60B3
:10C4B0001234A6420FD014F8023CA51E002BF6D071
:10C4C00010224146204605F07FFA0028F0D13D6059
:10C4D0002846BDE8F08100252846BDE8F08100BF70
:10C4E00060410020764200202DE9F04F0B883C4A45
:10C4F0003C4E48F2FE0843453FD00B78FF2B3CD022
:10C5000000233260994602F1600703E02032BA420C
:10C51000326023D01478002CF8D0947C012CF5D113
:10C5200054884445F2D04D1E541C4FF0000C15F8B1
:10C5300001EF14F801AFD6450CF1080B40D15FFABA
:10C540008BFCBCF1800FF2D1E14598BF134602F19C
:10C55000200298BFE146BA423260DBD14BB3D3F838
:10C560000240D3F80610D3F80A20D3F80E30C36087
:10C57000046041608260BDE8F08F134632600021A4
:10C5800048F2FE0702F1600405E02033A3424FF0B9
:10C5900001010DD01D461A78002AF6D09A7C012A96
:10C5A000F3D15A88BA42F0D10029D8D03560D6E705
:10C5B00033600023036043608360C360BDE8F08F95
:10C5C0008EEA0A0E1EF0800FBED14FEA4E040CF127
:10C5D000010C5FFA84FE24065FFA8CFCF5D5B3E704
:10C5E000F04100206441002010B5082204461044A8
:10C5F00005F026FA237A83F00203237210BD00BFF0
:10C6000010B508220446114405F01AFA237883F085
:10C610000203237010BD00BF2DE9F047DFF85C80F6
:10C6200008F108030FCB84B06E4686E80F0098F837
:10C63000077000F039FE1048FAF7A4FFB8B1DFF830
:10C6400040A0DFF84090044665683946304645B161
:10C65000BAF80030B9F800202C3B2C329BB242448F
:10C66000A8472046FBF738F804460028ECD101F033
:10C6700067FA04B0BDE8F08708430020D0450020E9
:10C680001C6D00201E6D002038B51B4D1B4A2B7EF3
:10C690001279EA71FF2B22D005F1080E9EE80F00F7
:10C6A000174C05F1180C84E80F009CE80F008EE889
:10C6B0000F0094E80F008CE80F00124C00F0F4FD1E
:10C6C00023882833EA188121E9520023538000F09F
:10C6D000C5FD0D4A23881344C043588038BD05F179
:10C6E000080494E80F0005F1180C8CE80F0061466F
:10C6F0002046FFF7F9FEE0E7D0450020D8410020B2
:10C700000C4300201E6D0020F845002038B504467B
:10C710000D480D46FAF736FF70B103461A79A2426A
:10C72000184604D15A79954208D0FF2A06D0FAF764
:10C73000D3FF03460028F1D1012038BD9B68002BB0
:10C74000FAD09847002038BD044300200146014834
:10C75000FAF71ABF044300202DE9F84F614B1B780C
:10C760003A2B05460E46174600F085805E4C6289DE
:10C7700023891343A2891343E2891343228A134373
:10C78000628A1343A28A1343E28A13439BB2002BAB
:10C7900042D0237AFF2B3FD0544B1B6B984718B9DC
:10C7A000534B1B68012B6EDCDFF87CA1DFF87C812A
:10C7B000DFF85091BAF800C0DFF83CB10023A9F8C7
:10C7C000003098E80F000CF1300C1FFA8CFCBCF51F
:10C7D000A06F28BF4FF4A06C8BE80F00ACF13002C3
:10C7E000A8F1180108F11800AAF800C005F0FCF83B
:10C7F000404B9BF800C01B79E371602323603A2310
:10C80000A37118E90F00BCF1FF0F88E80F0007D1F2
:10C81000042D01D1022E03D0BDE8F84F01F090B9EC
:10C8200035493648FFF760FE3846B9F8007007F121
:10C830002803E5541C44667001F080F9BAF8001032
:10C840002F4C2839E05189B2A4F12C0001F0BAF93B
:10C85000B9F80030271F3B4400225A8000F0FEFC4C
:10C86000B9F800303B44224FC04358803B68012B4D
:10C8700012DCBDE8F88F234B234A1B88D356002BCC
:10C88000FFF674AFC8E7214A21492248FCF7AEFB06
:10C890002148FCF7ABFB87E71C4A1D491D48FCF704
:10C8A000A5FB1E4832462946FCF7A0FB3B68012B3E
:10C8B000DFDDA4F11400FAF781FB3B68012BD8DD22
:10C8C0001748FCF793FB3B68012BD2DDA4F1240051
:10C8D000FAF774FB3B68012BCBDDBDE8F84F11483C
:10C8E000FCF784BB466D0020D04500208C5D010024
:10C8F00088020020D84100200C430020D8450020A9
:10C90000FC4500201E6D0020F8450020CC260100CB
:10C9100028220100741E0100D426010018270100FE
:10C92000D8240100FC2701001C6D0020E8450020F0
:10C930002DE9F0419DB2214B214C1B79E3718846D2
:10C940006023291D0646236089B23A2320461746F4
:10C95000A37101F037F90EB331461022194E04F1DC
:10C96000180005F06DF804F1180104F10800FFF754
:10C97000BBFD33882833002204F8038023442C3580
:10C980005F705A8000F06AFC32880F4B1444C04339
:10C9900060851D80BDE8F041FEF7F0BE0B4B1B68C3
:10C9A000002B01DCBDE8F081094A0A490A48FCF77E
:10C9B0001DFBBDE8F0410948FCF718BBD841002039
:10C9C000D04500201E6D00201C6D00208802002034
:10C9D000CC260100701E0100741E01004C270100CE
:10C9E00010B5054C05492046FAF7CEFD204604490E
:10C9F000BDE81040FAF7C8BD0443002094030020AE
:10CA0000880300202DE9F04FAB4CE379FF2B85B074
:10CA100040F0A980A94E328802F12C00204403790D
:10CA2000FF2B00F0A08004F1280313445B78002B57
:10CA300040F09980A24FDFF8C4A2B7F800C0A14D22
:10CA4000CAF8003002F1420E1423E6452B8002F1B1
:10CA500040016CDADFF88892DFF888B21EE0D9F87E
:10CA60000030012B07DD984898495A46FCF7BEFA7A
:10CA70009748FCF7BBFA2B8832889648B7F800C075
:10CA8000D118014402F12C00497803EBC1039BB299
:10CA9000C11801F1020EE6452B8047DA13442C330E
:10CAA000E2185278002A5ED0E35C012BD7D101F165
:10CAB0000903634580F2DE80628923891343A289DA
:10CAC0001343E2891343228A1343628A1343A28ADF
:10CAD0001343E28A134321449BB2CAF80010002B8F
:10CAE00041D008220DEB0200023104F0A9FF7A4880
:10CAF000DFF80C82FFF728F80246C8F8000000288B
:10CB000042D0FFF71BF80146002838D0DAF80000C1
:10CB10000822023004F058FF00283ED1D8F8003037
:10CB20005A7C002AA7D102225A74A4E72044043078
:10CB3000FFF726FB694D286008B3628923891343F8
:10CB4000A2891343E2891343228A1343628A13435F
:10CB5000A28A1343E28A13439BB283B15E4F3846E5
:10CB6000FFF70EFB20B35E4B1B68002B07DD5D4A11
:10CB70005D495548FCF73AFA5C48FCF737FA05B0CE
:10CB8000BDE8F04F00F0DCBF05230190009302A93F
:10CB900002235148FEF722FF6DE702A94046FEF747
:10CBA0003DFF0028EBDBD8F8003002225A7462E720
:10CBB000228B40F2FF239A420CD1A28B638B13434A
:10CBC000E28B1343228C13439BB21BB9638CB3F5E6
:10CBD000807F5CD0DFF82C814046FFF7D1FA2B68CC
:10CBE0008342C0D197E80F0088E80F00B6F800C074
:10CBF000C4440CF1180C9CE80F0087E80F0000F00B
:10CC00009FFF60232C482360282100F0DBFF32883F
:10CC1000374F29684FF63A73E380882502F12C03D9
:10CC2000BD52E018E022E25402311022043004F038
:10CC300007FF33884033E5180221E1540822697068
:10CC4000A81C2C4904F0FCFE0021062205F10A0074
:10CC500004F087FE33883B4400225A8000F0FEFA3D
:10CC600033883B44C24350205A8005B0BDE8F04FA2
:10CC700000F09CBF1A4B1B68002B80DD194A1A4933
:10CC80001148FCF7B3F91C48FCF7B0F977E794F8C2
:10CC90002430FF2B9ED197E80F0007F1100E8EE88D
:10CCA0000F00B6F800C0BC440CF1280C9CE80F0043
:10CCB00087E80F00A3E700BFD04500201E6D0020CD
:10CCC0001C6D0020166D0020741E0100282201003A
:10CCD000B4270100FC450020D84500201C4300205B
:10CCE000880200206C270100701E010078270100D7
:10CCF000F8450020D04A00208C2701002443002062
:10CD000020430020E84500200148FFF71FBD00BF79
:10CD1000A0030020F0B5054685B014480E46FAF78A
:10CD200031FC38B104464EB92046FAF7D5FC04462A
:10CD30000028F9D10024204605B0F0BD0C4F04E0D6
:10CD4000FAF7CAFC04460028F4D0A3689D422046A6
:10CD5000F6D12146BB69684698471022314668469D
:10CD600004F032FE0028E6D02046E9E7B84400206F
:10CD70008C5D010030B5124B85B005460C465B69F1
:10CD80006846984721462846FFF7C4FF694604468F
:10CD90002846FFF7BFFF74B184420FD010236469A7
:10CDA0004CB1A04201D0013BF9D1001BB0FA80F098
:10CDB000400905B030BD204605B030BD0120F8E780
:10CDC0008C5D010070B584B006461546FFF7A2FFE2
:10CDD00030B14169044619B115B18B689E4201D04A
:10CDE00004B070BD084B68469B69984710222946DD
:10CDF000684604F0E9FD0028F2D163683C2B84BF4B
:10CE00003C23636004B070BD8C5D01002DE9F843E4
:10CE10009046064699460F46FFF77CFF414604467A
:10CE20003046FFF777FF0546B8F1000F00D078B322
:10CE3000F4B10822B918C4E9019604F10C0004F019
:10CE4000FFFD39463046FFF795FF18B9656120466A
:10CE5000BDE8F883D4F81480656139463046FFF7A1
:10CE600089FF0028F3D1C4F814802046BDE8F88378
:10CE70002048FAF747FC044610B3002343612146DB
:10CE80001D48FAF781FB1D4A136801331360D0E790
:10CE9000024641464FF0FF333046FFF7B7FF0546E5
:10CEA0000028C5D1164B1B68002B07DD154A164913
:10CEB0001648FCF79BF81648FCF798F80024C6E7DC
:10CEC0000F4C2368002BF9DD0E4A0F490F48FCF781
:10CED0008DF81048FCF78AF82368002BEEDD384601
:10CEE000FAF76CF82368002BE8DD0B48FCF77EF8B6
:10CEF000E4E700BFAC030020B8440020BC4400209D
:10CF000088020020D4270100701E0100741E010059
:10CF1000DC27010000280100FC27010008B5054BB3
:10CF2000054800221A60FAF7DBFBBDE80840034819
:10CF3000FAF724BBBC440020AC030020B844002016
:10CF4000F8B506461848FAF71DFB88B1164F044697
:10CF500020462546FAF7C0FB6B6804464BB15A1CC5
:10CF600004D0B3428CBF9B1B00236B60002CEFD11D
:10CF7000F8BD3846FAF706FB18B906E0FAF7ACFB3D
:10CF800018B14369AB42F9D1F0E707482946FAF7EF
:10CF90004BFB06482946FAF7D1FB054A1368013BCB
:10CFA0001360002CD4D1E3E7B8440020AC03002088
:10CFB000BC4400202DE9F0410E48FAF7E3FAB0B185
:10CFC0000D4EDFF830800D4F04462046FAF784FB03
:10CFD0002546294604464046FAF726FB29463846A8
:10CFE000FAF7ACFB3368013B3360002CEDD1BDE8B0
:10CFF000F08100BFB8440020BC440020AC030020F6
:10D000002DE9F04385B0BDF830801BB39C46B0F8E5
:10D010001290044686460E4617460FC86D4685E8B0
:10D020000F00DCF80000DCF80410DCF80820DCF865
:10D030000C30AEE80F00A4F8128016B1B7F59A6F65
:10D040000BDD0D4EA4F812900023338095E80F00FD
:10D0500084E80F0005B0BDE8F083084B08481C6069
:10D060003146054E3A46378004F0BEFC042000F0FD
:10D07000B7F9FEF783FBE5E71A6D0020C0450020F5
:10D080000046002000B502F1FF3E8E447145034684
:10D0900038BF8C4613D2BCF8000040BA80B20344BB
:10D0A0009BB2834238BF01330CF1020C38BF9BB2F4
:10D0B000E645F0D8023A22F00102023211448E45D0
:10D0C000184601D05DF804FB9EF8002003EB022314
:10D0D00098B2B0EB022F3CBF013080B25DF804FB88
:10D0E0002DE9F8434678C378F60008369D1C0433D2
:10D0F0009E4200F1020717DB0221DFF8D090804644
:10D100000C463B78012B27D0632B20D03BBB01344E
:10D11000A4B2631C9E4221463ADD08EB04077D78E9
:10D1200002352B19B342ECDD214B1B68002B07DDC8
:10D13000204A21492148FBF759FF2148FBF756FFB8
:10D14000204A0221BA1A0420FFF706FB1BE0D9F897
:10D15000383040469847E8B12544ACB2D9E703F0EF
:10D16000C003802B12D0C02B04D0402BF4D101205F
:10D17000BDE8F883134A137EFF2BF8D0BA1A0221B8
:10D180000420FFF7E9FA0220BDE8F8830D4AF5E72D
:10D190000020EDE7064B1B68002BE8DD054A064939
:10D1A0000648FBF723FF0848FBF720FFDFE700BF37
:10D1B0008802002020280100701E0100741E01005A
:10D1C00028280100D04500205C2801008C5D01006A
:10D1D000054AD379012B02D9013BD3717047002254
:10D1E00011460320FFF7B8BAD045002010B5044619
:10D1F00082B0164800F0EAFC154B164A1988431A0B
:10D200009BB2ADF80630BDF8060014FA80F002F1CA
:10D21000200C80B232F8023F5BBA9BB2184480B255
:10D2200098423CBF013080B29445F3D1BDF806204E
:10D23000094B92B21944FFF725FF18B140BA80B2EA
:10D2400002B010BD4FF6FF7002B010BDD0450020F7
:10D250001E6D0020D6450020F84500203A20FFF73B
:10D26000C5BF00BF08B500F093FDFFF781F8FFF7D9
:10D27000B7FBFFF749FD0A4B0A4900224FF48060D3
:10D2800008801A821A86A3F85020A3F87020A3F809
:10D290009020A3F8B020A3F8D020A3F8F02008BD78
:10D2A000C0440020186D002070B51B4C218809B9BE
:10D2B000012070BD194D2A8801F12703934207DB35
:10D2C000174B1B68002B1DDC00F03AFC002070BDE2
:10D2D000144E154B283A521A28311B78B371314439
:10D2E00006F1280004F080FB2088404200B200F0E4
:10D2F0003FFC0028EAD029882839304689B200F05E
:10D3000061FCD5E7094A0A490A48FBF76FFE0A485B
:10D31000FBF76CFED8E700BF1E6D00201C6D0020DF
:10D3200088020020D0450020466D00202028010002
:10D33000701E0100741E0100802801002DE9F041DB
:10D34000DFF89880224FB8F800E006460EF1010E93
:10D350001FFA8EFEBEF5FA4F1AD29EFA9EFC1FFAF5
:10D360008CFC1C4A154613461C8A644503F12003B5
:10D37000ECD0BB42F8D1A8F800E00023148A203298
:10D380005CB10133082BF9D100273846BDE8F081A4
:10D390004FF0100C4FF4805EE3E705EB43175C01A0
:10D3A000A7F810C079826EB130687168B268F3680E
:10D3B000BC46ACE80F00084B25441B792B7538465A
:10D3C000BDE8F08110223146384604F0CAFAF2E78F
:10D3D000C0450020C0440020D8410020186D002026
:10D3E0002DE9F04F042885B03AD0AE4FAE4EAF4C89
:10D3F0003C60052834601DD0DFF8CC82B8F80030DE
:10D40000272B70D914F83C3C03F0F003602BA4F1F7
:10D410003C0500F08280A64B1B68002B73DCA54CFA
:10D4200000F08EFB00232370A34B00221A7005B07E
:10D43000BDE8F08FA14B1B681B8A002BEFD0A4F135
:10D440000C029F499F4CA0483A60002332609A4AE0
:10D450000B600821238003801170FEF789FA00E039
:10D46000984C21880029DAD0984D974B984E01F1BD
:10D470003002083189B228461A8000F0A3FB8F4B96
:10D4800022881B68197DE971602129803188283143
:10D4900068180832002752BA4FF0110885F8068044
:10D4A0008280C7801A8A6A525A8A42800FCB05F15D
:10D4B000180484E80F00214605F10800FFF714F86E
:10D4C000784B05F13C0240461A60FFF78FFE338827
:10D4D0006F80C04380B22B444FF6FF72B84208BF42
:10D4E0001046D885A0E7724B1B68012B97DD794A5F
:10D4F00079497A486F4CFBF779FD7948B8F8001004
:10D50000FBF774FD8CE7734A76497448694CFBF766
:10D510006DFD7548FBF76AFD82E7284600F056FB73
:10D52000B8F8003083420ED2614B1B68002B7FF7A6
:10D5300076AF684A6B4969485E4CFBF757FD6B480C
:10D54000FBF754FD6CE7284600F040FB00F1280192
:10D5500089B2B1F5A06FA8F8001012D9544B1B681E
:10D56000012B7FF75CAF5B4A5B495C48514CFBF792
:10D570003DFD5F48B8F800104FF4A062FBF736FDA0
:10D580004EE75C4A00232846137000F057FB002842
:10D5900000F019812B7ADFF838A1A4F11409A0EB6F
:10D5A0000900FF2BAAF8000000F0FE80B8F8001078
:10D5B00001230DF10F02284600F00CFB20B19DF86D
:10D5C0000F30002B00F00E814B48FEF7D9FD0028EC
:10D5D00000F01181374CB8F800103C48002323704C
:10D5E0000DF10F02012300F0F5FA0346002800F0C8
:10D5F000AA809DF80FB0BBF1060F3BD0BBF1110F15
:10D6000000F08281BBF13A0F00F0F681BBF1000F10
:10D6100000F02E81ABF12B0B5FFA8BF2112A2DD883
:10D62000BBF1110F2AD801A252F82BF069D70000E4
:10D630004DD700007DD600007DD600007DD60000CD
:10D640007DD600007DD600007DD600007DD600008E
:10D650007DD600007DD600007DD600007DD600007E
:10D660007DD600007DD600007DD6000021D40000CC
:10D6700001D70000BBF13A0F00F0BE810C4C5A1BE1
:10D6800001210420FFF768F82368002B7FF7CCAE58
:10D69000104A14491148FBF7A9FC1848FBF7A6FCEF
:10D6A000C2E600BFCC450020C84500200C46002043
:10D6B00088020020476D0020456D0020C0450020F5
:10D6C000C44500201A6D00201C6D0020D0450020AC
:10D6D0001E6D00202028010028220100741E010078
:10D6E000A8280100701E0100D4280100E8280100CC
:10D6F00014290100466D0020E8450020202A010081
:10D700002278910740F1BB805006B7D442F0400226
:10D71000184622700193FFF7E3FC01283FF480AE26
:10D7200002283FF481AE019BB8F800105A1B891AF9
:10D73000184689B200230DF10F0200F04BFA0346A0
:10D7400000287FF456AF984C002398E7964B1B684F
:10D75000002B7FF765AE954A95499648FBF746FC46
:10D760009548FBF743FC5BE62278510786D442F0EC
:10D7700004022270DA78002AD6D0904A0193D26B44
:10D780009047019B00286AD1874C2268002A7FF7C6
:10D7900076AF864A864987480193FBF727FC88487D
:10D7A000FBF724FC019B6AE77F4B1B68002B7FF78C
:10D7B00036AE7E4A7E497F48824CFBF717FC824892
:10D7C000FBF714FC2CE6784B1B68002B7FF727AE89
:10D7D000764A774977487B4CFBF708FC7B48FBF798
:10D7E00005FC1DE6FFF77CFC01283FF418AE02287B
:10D7F0003FF41AAEE8E67648FEF74EFE00287FF4C6
:10D80000E9AE297E2B89FF294DD02A8B48F2FE00F4
:10D81000824237D0834200F0048169890B43A98991
:10D820000B43E9890B43298A0B43698A0B43A98A75
:10D830000B43E98A0B439BB233B36B8BA98B134326
:10D840000B43E98B2A8C0B43698C1343AA8C0B4343
:10D8500013439BB21BB9EB8CB3F5807F14D0B8F89F
:10D860000030B3F5A06F00F2ED80FFF7B1FCDBE50F
:10D870002278D0073FF502AF42F0010248E742F0BC
:10D88000020245E7934228D0474B1B68002B7FF7E5
:10D89000C6AD464A464947484A4CFBF7A7FB4D48A8
:10D8A000FBF7A4FBBCE548F2FE029342ECD1688B87
:10D8B0002B8BAA8B0343E88B13432A8C0343688C7E
:10D8C0001343AA8C034313439BB2002BDCD1EB8C94
:10D8D000B3F5807FD8D0FF29D6D03D48FEF72AFC8B
:10D8E0000028D1D1304B1B68002B07DD2F4A30496F
:10D8F0003048FBF77BFB3848FBF778FB002202211E
:10D900000120FEF729FF8FE5FFF7CEFCBAF80030C3
:10D910004B44DB88002B40F0AA80BAF800309944D1
:10D92000B9F80230002B00F094802C492C4CDFF821
:10D93000C490216001F5807B05E0216820315945C4
:10D94000216080F0B3800A8A002AF6D0BAF800304D
:10D9500028332B4458889042EFD1488A102210B1C6
:10D960001B888342E9D10B682BB94B681BB98B68C4
:10D970000BB9CB6823B1484604F026F80028DCD167
:10D98000B8F80030174A1848184C3A603260303BFB
:10D99000174AA8F800300221002303601170238089
:10D9A000FDF7E6FF5DE500BF8802002020280100AA
:10D9B000701E0100741E01000C2A01008C5D010024
:10D9C000F0290100476D00205C2901003C2901007D
:10D9D000E8450020B42901007C290100C044002052
:10D9E000C045002000460020C44500201A6D0020DC
:10D9F000456D0020D84500205846FFF7F7FB4FF64D
:10DA0000FF73984264D0444B1B68002B7FF708AD2E
:10DA1000424A43494348FBF7E9FA4348FBF7E6FA31
:10DA2000FEE46B8BA88B13430343E88B2A8C0343E0
:10DA3000688C1343AA8C034313439BB2002B7FF4DF
:10DA40004CAF44E74FF4A06200210220FEF784FEB1
:10DA5000EAE4314B1B68002B7FF7E2AC2F4A3049D8
:10DA60003048FBF7C3FA3148FBF7C0FAD8E4584610
:10DA7000FFF7BCFB4FF6FF7398423FF44EAF264BC7
:10DA80001B68002B7FF7CCAC244A25492548FBF7BF
:10DA9000ADFABAF800304B445846DD88FFF7A6FBD4
:10DAA000294602462248FBF7A1FAB9E41A4B1B6843
:10DAB000002B07DD194A1A491A48FBF797FA1D4847
:10DAC000FBF794FA002204210120FEF745FEABE4A7
:10DAD000BAF800302833EA18E85C5178FEF716FEF1
:10DAE000012805D0B8F80030002B7FF49DAC97E4F6
:10DAF000094B1B68002B0BDD0949084A0948FBF755
:10DB000075FABAF800300C4819F80310FBF76EFAF2
:10DB100000F016F8E6E700BF880200202028010088
:10DB2000701E0100741E0100382A01009C2A0100A9
:10DB3000782A0100B02A0100502A010000BA70477B
:10DB400030B40648064D074C0749002303802B805C
:10DB5000237030BC0548102203F072BF1E6D0020F8
:10DB60001C6D0020466D0020D84A0020E84A0020A5
:10DB70000C490B881A18B2F5A06F11D810B40A4CD2
:10DB80002288C24208D480B20244034422800B801F
:10DB900001205DF8044B704700205DF8044B70478E
:10DBA000002070471C6D00201E6D0020B0F5A06F96
:10DBB00098BF034A03469ABF138001200020704794
:10DBC0001C6D002049BA8180704700BF808840BA30
:10DBD00080B27047CBB1837913702823994212DB4E
:10DBE0001278062A184416D0112A1AD03A2A1ED0C2
:10DBF0009A1C8A4207D84278D200083213449942CC
:10DC0000B8BF002070470020704703781370437836
:10DC1000DB000833E2E7142213449942B8BF002026
:10DC20007047082213449942B8BF0020704704226D
:10DC300013449942B8BF0020704700BF70B501235C
:10DC400005461446FFF7C6FF78B394F800C0BCF150
:10DC5000060F0E462AD0A0EB050EA6EB0E0EBCF169
:10DC6000110F1FFA8EFE21D0BCF13A0F1ED090F892
:10DC700000C084F800C04378DB0003F1080272455D
:10DC8000104412DCBCF1060F11D0BCF1110F03F1EE
:10DC90000A0110D0BCF13A0F11D0714505D8437874
:10DCA00002EBC30208329645D5DA002070BD1C3362
:10DCB0009E45FADB70BD10339E45F6DB70BD0C331C
:10DCC0007345F2DC70BD00BFF0B583B0154601238B
:10DCD0000DF107020646FFF77DFF00283FD09DF8B3
:10DCE00007200F4613460021AB4234D0062B2ED01E
:10DCF000112B2CD03A2B2AD044780378A0EB060CB9
:10DD0000A7EB0C0CE4001FFA8CFC04F1080EE645AE
:10DD100011DC062B704414D0112B14D03A2B14D0E4
:10DD20000A34644507D84178C90008318E44F44567
:10DD30004FF00101D8DA00209D4218BF002003B047
:10DD4000F0BD1421F2E70821F0E70421EEE70029F5
:10DD500008BF1346F0E70029F1D11346ECE79DF820
:10DD60000730E9E707289ABF024B33F8100000207C
:10DD7000704700BFE84A0020072803469DBF034ABA
:10DD8000012022F813100020704700BFE84A00204D
:10DD900010B5064C10220021204603F0E2FD0022BF
:10DDA0004FF6FF732281238010BD00BFD84A0020A8
:10DDB0002DE9F04F148887B0904681460E462CB965
:10DDC0005388002B4DD19488002C4DD00024274639
:10DDD0002546DFF8D4B008F1010A18F805201AF832
:10DDE000053003EB02239BB253B9002F16DB2DD075
:10DDF00001370235102DF0D1204607B0BDE8F08F75
:10DE0000002F0BDD4FF0FF37311B09EB04005A46A2
:10DE1000FBF712F90444A642EBD8EDE755B9311BE4
:10DE200009EB04005A46FBF707F90444A642E3D97C
:10DE30000225D2E7311B09EB0400184A0593FBF7D2
:10DE4000FBF80444A642059BDED8D5E7311B09EB5D
:10DE50000400134AFBF7F0F80444A642CCD901278A
:10DE6000C7E727462546B4E7D388002BF9D11489A4
:10DE7000002CABD152894FF6FF739A42F1D198F83A
:10DE80000F2098F80E30CDE9013298F80D4098F83F
:10DE90000C30044A0094FBF7CFF8AEE7EC2A0100FF
:10DEA000E82A0100D42A0100F02A010029B110B4A7
:10DEB0002AB15DF8044BFFF77BBF08467047024A62
:10DEC0005DF8044BFBF7B8B8F42A010070B5144EA6
:10DED000337803B170BD05460C46FEF7ADF8034636
:10DEE00095B110480822294603F0AAFD9CB10822EA
:10DEF0000D48A11803F0A4FD0A4801220021FEF7F5
:10DF0000CFF90123337070BD59689A68054D0068D8
:10DF1000DB680FC5EAE705490248FEF765FBEBE75A
:10DF2000486D0020F84A0020004B0020D04A002015
:10DF300070B52B4D2E7882B02EB32A4B002403F1FE
:10DF400060011A7E93F82A000AB1012815D0203307
:10DF50009942F6D12046FEF713F904B980B302F0D6
:10DF60006FFD4023024600930020214600F080FD13
:10DF700000F076FB002002B070BD9A7EFE2A19D018
:10DF800003F11A04E3E7FEF757F80346164C596805
:10DF90009A680068DB680FC41449A4F11000FEF70A
:10DFA00023FB01223146A4F11000FEF779F9012389
:10DFB0002B70C2E7DA7E802AC9D003F11A04C6E7C3
:10DFC0000B4B1B68002B07DD0A4A0B490B48FBF77C
:10DFD0000DF80B48FBF70AF84FF0FF30CBE700BF16
:10DFE000486D0020D8410020F84A0020D04A002087
:10DFF0008C020020042B0100701E0100741E010021
:10E00000082B0100054B187B30B1B3F84A00DB8ABE
:10E01000C01AB0FA80F04009704700BF084B0020DA
:10E020002DE9F047284CDFF8BC909DF824A0154658
:10E03000074688464FF4B072002120461E4603F082
:10E0400090FCB9F82030AB422FD1089952463046A7
:10E0500002F052FD70B91D4B1B68002B07DD1C4AF6
:10E060001C491D48FAF7C2FF1C48FAF7BFFF002001
:10E07000BDE8F087F022E2734FF6FF734FF0FF32F6
:10E080000125A4F84C30A2644FF2F003414610225F
:10E0900004F11C006773C4F808902573A4F85A3083
:10E0A00003F0CEFC2846BDE8F087084B1B68002B28
:10E0B000DDDD074A07490848FAF798FF294608486E
:10E0C000FAF794FFD3E700BF084B00208C02002032
:10E0D000042B0100701E0100741E0100542B01006E
:10E0E000282B0100E803002010B5437D012B82B0EE
:10E0F00004460FD9344B1B68012B08DD3349344AE1
:10E100003448FAF773FF3448617DFAF76FFF002057
:10E1100002B010BD90F8511090F85030028ACDE94D
:10E12000003100F13C030146007EFFF779FF002833
:10E130003DD02A4B627D206A617FB4F81EC09A737D
:10E14000002258611976606D618BA3F81AC094F8AB
:10E150001CC083F85E201982A17D83F85610217DB2
:10E1600083F8551018609968E07D83F812C083F831
:10E17000572083F854000B689847194802F0D6F9E5
:10E1800002F008FB104B1B68012B04DC02F04CFB77
:10E19000012002B010BD0E4A0C490E48FAF726FFC6
:10E1A0001048FAF723FF02F03FFB0120F1E7064B8E
:10E1B0001B68012BABDD064A04490648FAF716FF37
:10E1C0000948FAF713FFA2E78C0200202822010079
:10E1D000042B0100741E01006C2B0100084B002071
:10E1E000982B0100BC2B0100A02B010010B5104B97
:10E1F0001B68012B09DD0F490F4A04460F48FAF747
:10E20000F5FE0F482146FAF7F1FEFFF7FBFE0D4B36
:10E2100008B983F85E009B681B68984701F088FF87
:10E22000094802F083F9BDE8104002F06FBB00BF5F
:10E230008C02002028220100042B0100741E010022
:10E24000F42B0100084B0020082C01002DE9F041BF
:10E25000754DB5F84A4002F04FFB95F85E30032B40
:10E260005CD0FFF7CFFE064620B1AB68BDE8F041B9
:10E27000DB691847D5F844806C4F01F095FF01F039
:10E280002DFF686C01F0F8FEA5F84A003868F9F730
:10E290009BFF0446002838D1B5F84A20B8F1000F9A
:10E2A00060D0B5F8483093425ED9B5F84C30A5F847
:10E2B00048204FF6FF718B4272D0D31A002BB8BFA3
:10E2C0005B42B3F5007F57DD594B1B68012B0DDD19
:10E2D000584A59495948FAF789FEB5F84A2058482A
:10E2E000B5F84C10FAF782FEB5F84A205548A5F863
:10E2F0004C2002F01BF93FE0236833B32146386815
:10E30000F9F72AFF04460028C6D0204601F0B4FEE3
:10E31000B5F84A308342EFD82660EFE7002001F0DD
:10E32000DDFE4FF6FF739C42A5F84A309DD0404B6E
:10E330001B68012B0DDC444802F0F8F802F074FA77
:10E34000AB68BDE8F041DB691847F2F729FD2060B2
:10E35000D4E7384A38493948FAF748FE3B48FAF7D3
:10E3600045FEE8E7A5F84820B5F84C304FF6FF71B8
:10E370008B4201D08A42A0D195F85D30002B3FF44A
:10E3800074AF6B6CA3B1B8F1000F28D002F0FEF8A7
:10E39000002385F85D30AB68BDE8F041DB691847C4
:10E3A00095F85D30002B3FF460AF6B6C002BEDD126
:10E3B0001F4B1B680022012B85F85E2007DD1D4ADC
:10E3C0001D491E48FAF712FE2148FAF70FFE1E48B3
:10E3D00002F0ACF802F08AF802F026FAD8E7144C02
:10E3E0001C48012385F85E3002F0A0F82368012B59
:10E3F00002DC02F005FAC9E70E4A0F490F48FAF7A6
:10E40000F5FD1548FAF7F2FD2368012BF1DD686C84
:10E4100001F03EFEF8F7D2FD2368012BE9DD0F483D
:10E42000FAF7E4FDE5E700BF084B00200C040020EC
:10E430008C020020042B010028220100741E010020
:10E44000502C0100702C0100402C0100182C010000
:10E45000B82C0100882C0100942C0100A42C010090
:10E46000094A137B73B110B4044640B102F11C0C8D
:10E47000BCE80F0020606160A260E36001205DF8ED
:10E48000044B704718467047084B002010B5FFF743
:10E49000B9FD124C60B994F85A20531CDBB2120635
:10E4A00058BF03F07F03002084F85A3001F074FB5A
:10E4B000F9F73EFD01F03CFEFEF77CFD02F0FAF9B3
:10E4C00094F841305B0602D40023237310BD044846
:10E4D00002F0EEFA0023237310BD00BF084B0020AA
:10E4E000344B0020024B032283F85E2002F00EBA68
:10E4F000084B002010B51D4C237BABB1236D5A1C7B
:10E5000012D0834211D91B1AB3F5967F23650BD223
:10E51000606C48B1164B1B68012B1BDC01F0B8FD89
:10E52000BDE8104001F0BCB910BD114B1B680022C2
:10E53000012B226507DD0F4A0F491048FAF756FDF7
:10E540000F48FAF753FD032384F85E30BDE810400E
:10E5500002F0DCB9074A08490848FAF747FD0948BC
:10E56000216DFAF743FD606CD8E700BF084B00202F
:10E570008C020020042B010028220100741E0100DF
:10E58000002D0100202D010010B5084C237B0BB994
:10E59000184610BD94F840200146D20804F11C0032
:10E5A00003F012FAB0FA80F0400910BD084B0020C9
:10E5B00038B50546FFF726FDB8B1154C94F8542040
:10E5C000531C1206134A1268DBB258BF03F07F03D4
:10E5D000F021012A84F85430E17307DC237B23B156
:10E5E000BDE838400C48FFF701BE38BD0B4A0C4966
:10E5F0000C48FAF7FBFCB4F84A300B4894F8542066
:10E600002946FAF7F3FC237B002BEED0E8E700BFA6
:10E61000084B00208C020020902D0100042B0100EB
:10E6200028220100741E01005C2D0100024B1B7B9F
:10E630000BB1FFF7DBBD7047084B0020074B9A7BFF
:10E64000187B1AB9003818BF0120704728B193F819
:10E650005E00012894BF002001207047084B002075
:10E66000024B1B7B03B97047FFF7F0BD084B00203E
:10E670002DE9F041934D2B7B06460C462BB16A7B6E
:10E68000237E9A421CD0BDE8F081FFF7BBFC20B18D
:10E690002B7B002BF3D1BDE8F0812046FFF724FD52
:10E6A0000028F5D1884B1B68012BECDD874A88498F
:10E6B0008848FAF79BFCBDE8F0418748FAF796BC1A
:10E6C00086481022214603F07FF90028DBD1628AB8
:10E6D000EB8A9A426ED3E17D95F8540002F092F9EC
:10E6E000628A00286ED14FF6FF739A4204D095F8E3
:10E6F0005930013385F8593095F85410E07D02F017
:10E7000081F9002832D0B5F84A20EB8A6E4F9A4240
:10E71000396800F09C8001290ADD6C4A6C496D481B
:10E72000FAF764FCE27D95F854106D48FAF75EFC48
:10E73000FFF768FCD0B93B68012B0ADD634A6449E6
:10E740006448FAF753FCB5F84A20E17D6548FAF7CA
:10E750004DFC02F0AFF8002001F0C0FC2046FFF7AE
:10E76000C3FC2B7B13B16048FFF740FD224601211B
:10E77000304601F045F860B3304601F007FD07462A
:10E78000002861D090F80680304601F0FFFC002898
:10E7900071D0638A8380637E83712B6D33BB6B8BF7
:10E7A000C3EB03135B012B65AB7B1BB117B16B6C28
:10E7B0009F4229D02B7B002B3FF465AFBDE8F04191
:10E7C000FFF744BDEB8A9A42F4D1484801F0AEFE0F
:10E7D000F0E73D4B1B68002BECDD3C4A44493D48CB
:10E7E000FAF704FC4348FAF701FCE3E7002FE1D015
:10E7F0006B6CAA7B9F42DDD16B8B4FF4F07101FBF8
:10E8000003F32B65002AD5D0607E414602F0FAF86A
:10E810000028CFD0EA7B531CDBB212062A4A58BF2D
:10E8200003F07F03EB731368012B0ADD274A2849A5
:10E830002848FAF7DBFB3048EB7B627E4146FAF76B
:10E84000D5FB01F0A3FEB5E74FF0F0089CE70029E7
:10E850000ADD1E4A26491F48FAF7C8FBE27D95F8F3
:10E8600054102648FAF7C2FBE37D254885F854305A
:10E87000FFF79EFE7AE73046FDF78AF90146F8B1C8
:10E88000204B012218682346F9F7E6FC002880D1C6
:10E890000D4F3B68002B8DDD0C4A15490D48FAF7EA
:10E8A000A5FB1948FAF7A2FB3B68002B82DD074A5B
:10E8B0000F490848FAF79AFB1448FAF797FB79E7EB
:10E8C000014FF1E7084B00208C020020042B0100CF
:10E8D00028220100741E0100A02D0100244B0020FD
:10E8E0003C2E0100802E0100902D0100B42D01006E
:10E8F000701E0100B82E0100142F0100D02D010060
:10E90000202E01000C040020D82E0100F02E010062
:10E9100011B1084801F00ABE10B50A4603210446A9
:10E9200000F06EFF20B12046BDE8104000F0D2BFDD
:10E9300010BD00BF4C2F010070B591F823600C464C
:10E940000546BEB1FF2E1BBF144B5B8B4FF0FF3350
:10E9500073430A4601460020FEF758FA80B194F945
:10E960002530002B00DB70BD218C2846BDE87040AF
:10E9700001F026BE0A4601463046FEF723FAEEE7CE
:10E98000074B1B68002BEEDD064A07490748FAF7DC
:10E990002DFBBDE870400648FAF728BB084B002065
:10E9A0008C020020042B0100701E0100741E010067
:10E9B0005C2F0100F8B51C4E0D4696F85B1004461E
:10E9C00002F020F808B186F85B4096F85A30A3426E
:10E9D00000D0F8BD96F85E30012B6FB20BD1002F3E
:10E9E0001FDB0223114886F85E3001F09FFDBDE871
:10E9F000F84001F003BE01F001FE002FE9DA0C4BF4
:10EA00001B68012B09DD0B4A0B490C48FAF7EEFA9B
:10EA10000B482A462146FAF7E9FA032386F85E30C6
:10EA2000F8BD01F0EBFDEAE7084B0020802F010064
:10EA30008C020020042B010028220100741E01001A
:10EA40008C2F010070B505460E461C463AB924B11C
:10EA50001DB1064BAE801B7B23B9012070BD01F0B8
:10EA60007FFDF4E7FFF7F2FB012070BD084B0020AB
:10EA70002DE9F047254C82B09846237B9DF828A0CD
:10EA800005460E4617465BBB4FF0F0093B46314644
:10EA9000CDE9008A28460122FFF7C2FA0122A273BB
:10EAA00040F608421A4922823C22616162831E219B
:10EAB00080221848217600234FF0FF31A4F84A2025
:10EAC0000222A37484F85490216584F85530A4F888
:10EAD000563084F85E2002B0BDE8F04701F026BD54
:10EAE000102204F11C0002F06FFF50B994F854306A
:10EAF00003F101091B065FFA89F904D409F07F09C3
:10EB000001E04FF0F009FFF7C1FCBFE7084B002020
:10EB100000048000CC2F010002484FF4B0720021A5
:10EB200002F01FBF084B002010B51E4CA3790BB19B
:10EB3000012010BD94F82A30632BF9D194F82930C4
:10EB400093B994F82B30042B0ED1174B1A7BDAB102
:10EB5000597B94F82D208A4216D1B3F84A3084F8B4
:10EB60002D205BBAE385E3E7104B1B68002B09DD22
:10EB70000F49104A1048FAF739FA104894F82B1048
:10EB8000FAF734FA002010BD084B1B68002BF9DDA2
:10EB9000084A07490848FAF729FA0948FAF726FA0D
:10EBA000F0E700BFD0450020084B00208C02002079
:10EBB000701E0100042B0100741E0100D82F0100FB
:10EBC0000C30010070B5164A0546118815482B22F5
:10EBD000FFF77AF804461448FFF7D6FC08B900207E
:10EBE00070BD12490020FEF795F80F490646002037
:10EBF000FEF790F814B1A278032A06D00028EED0D0
:10EC0000002EECD04369B342E9D1074C0FCC48F257
:10EC1000FE0600212E606960AA60EB60012070BDD5
:10EC20001C6D0020D0450020E8450020244B00202A
:10EC30002DE9F043384B3948198885B02B22FFF76E
:10EC400043F8002832D08378032B04462ED1C778AE
:10EC50001FB9012005B0BDE8F083457806794179F8
:10EC60000135ED00EDB206F00F02A5EB11153609E6
:10EC70001544C6F11003183D95FBF3F50135EDB2CF
:10EC8000AF4215D8012F08BF1646E81B234FC0B26C
:10EC900003FB00F0E31B0830103303449B1BB3F568
:10ECA000A06F14D91E4B1B68002B2BDC0020D1E772
:10ECB0001B4B1B68002BF9DD1A4A1B491B48FAF74E
:10ECC00095F92A4639461A48FAF790F9EEE707F11E
:10ECD000180325180FCB06F1180CE846C6F11009E9
:10ECE00088E80F0007EB0C004A46294602F0A8FE10
:10ECF0004A4608EB0601284602F0A2FEE378013BF3
:10ED0000E370A6E7074A08490848FAF76FF9094887
:10ED1000FAF76CF9CAE700BF1C6D0020D04500204F
:10ED20008C020020042B0100701E0100741E0100E3
:10ED300054300100803001002DE9F047437804464B
:10ED40000D464618B3B9425A40F263439A4211D174
:10ED50002E4C237B03B3627BF3789A421CD1B578A7
:10ED600015F0200826D02A4B1B68002B45DC00201C
:10ED7000BDE8F087264B1B68002BF8DD254A2649A5
:10ED80002648FAF733F97378625D61782448FAF718
:10ED90002DF90020BDE8F0871D4B1B68002BE6DD38
:10EDA0001C4A1D491D48FAF721F9F1781D48FAF768
:10EDB0001DF9DCE71C4BB788D3F800900D20F9F75C
:10EDC000C5FC01464846F9F72BFAB178B4F84A4039
:10EDD0007FBAEA09BFB2C1F380130AD1BC4203D99A
:10EDE00041F04001B17001223946BDE8F047FFF71C
:10EDF00029BEBC42F4D94246F6E7064A064907480E
:10EE0000FAF7F4F80948FAF7F1F8B0E7084B0020F0
:10EE10008C020020042B0100701E0100741E0100F2
:10EE2000A0300100E03001000C040020F8300100A7
:10EE30002DE9F0412A4F2B4E398882B001230DF184
:10EE400007023046FEF7C6FEE8B1044606F10608A2
:10EE50009DF80730112B16D037D8002B3AD1A37864
:10EE6000632B14D03988A31BC91A204600230DF147
:10EE7000070289B2FEF7AEFE044620B19DF80730C6
:10EE8000112B8046E8D1012002B0BDE8F081237843
:10EE900088F8003065780135ED006842FEF768FEBD
:10EEA000D8B13988283989B23046FEF78BFE3A88C6
:10EEB000A31B9A4211DDD21A6119204602F094FD7B
:10EEC00098F800308DF80730C2E72B2BDFD03A2BB3
:10EED000C8D1D8E7062BC5D1D5E70020D4E700BFBD
:10EEE0001C6D0020D04500202DE9F04FB24E337B41
:10EEF00087B04BB3B14C228B48F2FE039A4223D029
:10EF0000237EFF2B20D0FFF77DF8054670B904F172
:10EF10000800FDF735F920B1A94BE2791B799A4237
:10EF200017D007B0BDE8F04FFFF7FEBDFFF780FF39
:10EF300004F11800FFF728FB30B104F1180100209C
:10EF4000FDF7E8FE0546B0B90125284607B0BDE843
:10EF5000F08F9C4F3A88B2F59F6F60D99A4B1B682F
:10EF6000002BF2DD994A9A499A48FAF73FF89A48F5
:10EF7000FAF73CF8E9E706F11C010020FDF7CAFEAC
:10EF80008346002800F0A28094490020FDF7F2FE9D
:10EF9000002800F0A880D5F81490B9F1000F00F017
:10EFA0002D81CB4500F034818D4B01959B694FF04D
:10EFB00000080F2702AE9A4649463046D047DFF890
:10EFC00038C2CDF8008000233946B6466046324646
:10EFD00002E00133102B05D012F8015B10F8018F0D
:10EFE000A845F6D09F42DDF800800BDAD9F81490DE
:10EFF00008F10103DBB2B9F1000F3BD0CB4539D0AA
:10F000009846D9E7002102E00131102930D01EF8DE
:10F01000013B1CF8012F9A42F6D0CFB2E6E704F18B
:10F020002801283A04F1300002F0DEFC29460822CB
:10F0300004F1280002F095FCA37984F8283040F20E
:10F0400063436385B6F84A30727BA5715BBA0820CA
:10F0500084F8295084F82C50E38584F82D20FEF79D
:10F0600087FD39882839204689B2FEF7ABFD58E77D
:10F070000F46BBE79A46C1F11009C7F1180319FB07
:10F0800008385FFA88F318F00706019D009306D050
:10F09000C6F10803DEB2009B3344DBB2009398460E
:10F0A000484B1A8802EB0803B3F5A06F28DD464BE6
:10F0B0001B68002B08DD4649444A4648F9F796FF8D
:10F0C00048484146F9F792FF00253EE73E4B1B6852
:10F0D000002BF9DD3D4A3E493E48F9F787FF42489B
:10F0E000F9F784FFF0E7384B1B68002BECDD374A5B
:10F0F00037493848F9F77AFF3C48F9F777FFE3E7F3
:10F100003B4B1988009B28315818283A2144204449
:10F1100002F06AFC364B009A1888283020440021FF
:10F1200002F01FFCA27984F828202B232C4AA3711B
:10F13000B8F1080348BF08F1FF33D2F8188084F80B
:10F140002BA0032284F82A2007EB071284F82C2036
:10F15000320184F82D20009ADB1084F82930254BE9
:10F16000941B02AE37441C443B46474698460BE08E
:10F1700029463046A4EB0904B8474A464146204692
:10F1800002F05EFC6D6915B16B699B45F0D12946B3
:10F190003046B84796E80F00104C84E80F000098FE
:10F1A000FEF7E6FC074B19882839A4F1180089B24C
:10F1B000FEF708FDC8E600BF084B0020D045002040
:10F1C000D84100201C6D00208C020020042B01007F
:10F1D000701E0100741E010090310100E8450020FE
:10F1E0008C5D01004831010008310100243101002B
:10F1F0001E6D0020F8450020E7450020CA464FF06C
:10F200000808CDF800804FF001090F27564647E760
:10F210004FF008084FF0000ACDF800804FF00109C8
:10F220000F2756463CE700BF08B5144B14491B880E
:10F230002C335A1811F803C0124B9078D1781A7BEE
:10F2400012B15B7B634513D00F4B1B68002B03DCB3
:10F25000BDE80840FEF774BC0C4A0D490D48F9F7AB
:10F26000C5FE0D48F9F7C2FEBDE80840FEF768BCD0
:10F27000FFF7A0FBBDE80840FEF762BC1E6D002052
:10F28000D0450020084B00208C020020042B0100F8
:10F29000701E0100741E0100C83101002DE9F04309
:10F2A000584D594C8FB02622002104A802F059FB7A
:10F2B0002A88564B217B9A5C8DF8322011B1617BF4
:10F2C000914217D0524B1B68002B04DCFEF738FC30
:10F2D0000FB0BDE8F0834F4A4F495048F9F786FE1A
:10F2E0009DF832104E48F9F781FEFEF729FC0FB069
:10F2F000BDE8F083A3F12C09243B0FCB6F4687E8D0
:10F300000F0010220DEB0200002102F02AFB454BFA
:10F310002E88B3F80080227E8DF83320A8F12C08C7
:10F32000A8EB06082C364E445FFA88F87378F2781A
:10F330008DF835305B06ADF8302034D404244445D4
:10F340000ADB27E0062B04D153798DF83330132DD7
:10F3500033DC2C44A0451DDD335D32190125002B23
:10F36000F7D05578052B05F10205EBD1D3788DF850
:10F3700034301022002108A802F0F3FA9DF834205E
:10F38000211D0732D208314408A82C4402F058FB52
:10F39000A045E1DC04A93846FFF7CEFAFEF7D0FB22
:10F3A0000FB0BDE8F08304F11C00341D102221468B
:10F3B00002F00AFB48B91424C1E7A11D1022314410
:10F3C0000DEB020002F03CFBC3E7114D2B68002B54
:10F3D0007FF77CAF0F4A10491048F9F707FE124833
:10F3E000F9F704FE2B68002B7FF770AF2046F7F784
:10F3F000E5FD2B68002B7FF769AF0C48F9F7F6FDA8
:10F4000064E700BF1E6D0020084B0020FC45002073
:10F410008C020020042B0100701E0100741E0100EC
:10F42000F43101001C6D002024320100143401006D
:10F4300008B5124B1B7B9BB9114B1B68012B03DCDE
:10F44000BDE80840FEF77CBB0E4A0F490F48F9F7AC
:10F45000CDFD0F48F9F7CAFDBDE80840FEF770BBC7
:10F460000C48017EA1F1FF01B1FA81F10830490990
:10F47000FFF74EFABDE80840FEF762BB084B0020DC
:10F480008C020020042B010028220100741E0100C0
:10F4900044320100D04500202DE9F0439DB05C22AC
:10F4A000002105A802F05DFAB748CDF832008020AF
:10F4B000B64BADF83600B648CDF82E30B54B0588C2
:10F4C0001B88B54A2C3DED1A2C339C1802F108011B
:10F4D000D35C22798DF82C3022F07F00002360F37A
:10F4E0000703C2F3C20060F30F2302F0070262F3C6
:10F4F0001743627862F31F630A9363885BBAADF8BF
:10F50000263063798DF82D300123ADF824300FC9F2
:10F510000DF1040989E80F00EDB2102204F1080191
:10F5200005A802F08DFA182DC8BF182340F3CE802D
:10F53000E75C67B9AB4280F2CE80984B1B68012B29
:10F5400000F3AF80FEF7FCFA1DB0BDE8F083E218CF
:10F550005678023603EB0608A84500F3BC80B91EB6
:10F560000629EAD801A050F821F000BF5BF60000A0
:10F570001BF60000C3F500003BF500003BF5000062
:10F580003BF5000089F50000202E40F0D080E11806
:10F590001033087AE118537A1B0443EA0063D07AE7
:10F5A0000343907A43EA0023189314A85388ADF8D4
:10F5B0006430102202F044FAA84580F28780434666
:10F5C000B6E7102E40F0A480D6781079002166F3BB
:10F5D0000701234460F30F2150799E7960F31741AE
:10F5E000D07940EA0620ADF834001E7A507A40EA1D
:10F5F0000620ADF836009E7A987BD37A43EA06233C
:10F60000ADF82430537B63F31F61D37BCDF82E100C
:10F6100043EA0023ADF83230CEE7082E40F3A58050
:10F62000E11850880F795179ADF84C00090441EA8E
:10F630000761D7799279394341EA0222C0B2129226
:10F64000C21DD210D11DB14253DA802851D80833DF
:10F65000E1180EA802F0F4F9AEE7052E76DD117977
:10F660009678D778C809002340EA470066F3070375
:10F6700060F30F23C1F3011060F3174301F00F0192
:10F6800061F31F631A9353798DF86C30002E93D079
:10F69000072E14D0022E40F09980D388ADF86E303A
:10F6A0008AE73F4A3F494048F9F7A0FC39463F48BE
:10F6B000F9F79CFCFEF744FA1DB0BDE8F0839179A0
:10F6C000D37943EA0123ADF86E3075E705A94846C2
:10F6D000FEF7CEFF36E7314B1B68002B7FF732AFCA
:10F6E0002F4A33493048F9F781FC3248F9F77EFC5C
:10F6F00028E72A4B1B68012B7FF724AF284A2949AA
:10F700002948F9F773FC31462B48F9F76FFC19E7E4
:10F71000224B1B68012B7FF715AF214A2149224854
:10F72000F9F764FC31462548F9F760FC0AE71B4B02
:10F730001B68012B7FF706AF194A1A491A48F9F7D7
:10F7400055FC31461E48F9F751FCFBE6134B1B688C
:10F75000012B7FF7F7AE124A12491348F9F746FC1E
:10F7600031461848F9F742FCECE60C4B1B68012BBC
:10F770007FF7E8AE0A4A0B490B48F9F737FC3146E8
:10F780001148F9F733FCDDE63C000004080C001ECC
:10F790001C6D00201E6D0020D04500208C02002032
:10F7A000042B010028220100741E0100E433010033
:10F7B000701E010070320100343301006C3301000F
:10F7C000AC33010098320100F4320100074B1B6892
:10F7D000012B7FF7B7AE064A06490748F9F706FC42
:10F7E0009DF868100548F9F701FCABE68C02002093
:10F7F000042B010028220100741E0100C432010004
:10F80000F0B583B007460D461646FCF79DF9044651
:10F8100010B1204603B0F0BD0D20F8F797FF224647
:10F820000146CDE9005601233846FCF7D7F80446D7
:10F830000028EED1134D2B68002BEADD124A134944
:10F840001348F9F7D3FB1348F9F7D0FB2B68002BCB
:10F85000DFDD3846F7F7B2FB2B68002BD9DD0E4809
:10F86000F9F7C4FB2B68002BD3DD0D20F8F76EFFF2
:10F87000F7F7B4FB2B68002BCBDD0848F9F7B6FB94
:10F88000C7E700BF8C020020042B0100701E01009E
:10F89000741E01002034010044340100FC270100E3
:10F8A00010B50446FEF7DCFE074B084A1988002C09
:10F8B00014BF20461046064C002262520223BDE8C7
:10F8C00010409B21FDF734B81E6D0020284D00200C
:10F8D000FC4500202DE9F04F8FB00646FEF7C0FE34
:10F8E00001F03EF810B1002E00F031819F4BA04A8C
:10F8F0001B88A04D2C339C18697BD15495F854304B
:10F90000637001F02DF800286DD1B5F84A10080A8F
:10F91000C9B295F85630AA7B03F0070343EAC20345
:10F9200095F85520003A18BF012243EAC21300227D
:10F9300060F3070261F30F2263F31742EB7B8E49FA
:10F9400063F31F620023C4F80220E380102204F155
:10F95000080002F075F801F003F8002846D12B7872
:10F96000002B43D06978AF78E878A37640F2026242
:10F970002283CA0142EA071202434908072B227771
:10F98000E17600F0D980022B40F0DD80AA79637720
:10F99000EB79A277E37726234FF02709CDE90B39DE
:10F9A0004FF0290A2823CDE9093A4FF02B0B2A23DF
:10F9B000CDE9073B2F222E23CDE905322D212C2323
:10F9C000CDE9033125202423CDE901304FF0200C6F
:10F9D00021234FF0300B4FF023094FF0220A009300
:10F9E000CDF834C028E0FF21084692E71E231F22ED
:10F9F000CDE90B3221212023CDE909312320222317
:10FA0000CDE9073027272623CDE905374FF0250E0E
:10FA10002423CDE9033E4FF01D081C23CDE9013816
:10FA20004FF0180C19234FF0280B4FF01B094FF023
:10FA30001A0A0093CDF834C04FF0040204F80C20E9
:10FA4000009A6F7C95F81080A88A95F812E0EB8AEE
:10FA50004FF00E0C04F802C0019A95F840C0002146
:10FA600004F80A1004F80980A754029A04F802E086
:10FA70000B9A070AA7540C9A2F7EA054099A180AC9
:10FA8000A0540A9AA354AB68079A188C6B8B4FEA60
:10FA9000102E04F802E0089AA054039AA154049A84
:10FAA000A754059A180AA054069AA354BCF1000F53
:10FAB0000FD100F055FF18B9304B002E08BF1E467D
:10FAC0005B4601229B2130460FB0BDE8F04FFCF7AA
:10FAD0002FBFEF6B95F841900D9D631905F11C0048
:10FAE0004FF0080AC7F3072504F80BA0C7F3074E29
:10FAF0004FEA17689D759D76FFB21E255D7404223E
:10FB000083F812C083F8139083F8148083F8188068
:10FB100083F815E083F819E0DF75DF76204401F003
:10FB200020FF0D9D164905F120001022204401F010
:10FB300087FF05F1300BBCE7EB88E37702226277A1
:10FB40001A0AA27727E70F4B1B68002B02DC0FB0C5
:10FB5000BDE8F08F0C4A0D490D48F9F747FA0D48FA
:10FB600029780FB0BDE8F04FF9F740BA1E6D0020BC
:10FB7000D0450020084B0020244B0020284D0020B9
:10FB8000344B00208C020020042B0100701E010069
:10FB9000741E0100483401002DE9F041074600F0D1
:10FBA0004FFF424C0546606C00F072FA0646FEF7C5
:10FBB00057FD237B002B4FD0636C002B67D0002DAB
:10FBC00044D0002E42D0A37B002B3FD0384B394885
:10FBD0001B8894F80DC02C3329461D1800F803C06B
:10FBE00094F85A30EB703A1E4FF0050318BF01220B
:10FBF0002B7112234FF000086B71D20180236A70C1
:10FC0000EB7185F8028085F80680102205F1080066
:10FC100001F016FF41F20643AB6104F11C0185F8C7
:10FC20001C8008226F7705F11E0001F009FF0822F1
:10FC3000B11805F1260001F003FF04F11C002E238A
:10FC4000BDE8F04102229B21FCF772BE1A4B1B68F3
:10FC5000012B0FDCBDE8F081174B1B68012BF9DD90
:10FC6000164A17491748F9F7C1F9BDE8F041164897
:10FC7000F9F7BCB9114A12491248F9F7B7F9A37B51
:10FC8000124832462946BDE8F041F9F7AFB90A4BB0
:10FC90001B68012BDEDD094A09490A48F9F7A6F974
:10FCA000BDE8F0410A48F9F7A1B900BF084B0020B0
:10FCB0001E6D0020D04500208C020020042B010086
:10FCC00028220100741E0100843401000035010067
:10FCD000C034010070B50D4614460646FEF7C0FC60
:10FCE0000C4A0D4BB2F800C00C4A0CF12C0C527BA4
:10FCF00003F80C209C4400218CF801108CF8025071
:10FD00008CF8034030460423BDE8704003229B2159
:10FD1000FCF70EBE1E6D0020D0450020084B0020D1
:10FD200008B50748FCF712FD0648FCF70FFD06482A
:10FD3000FCF70CFDBDE808400448FCF707BD00BF18
:10FD4000DC030020D0030020C4030020B8030020FF
:10FD5000704700BF014B00221A707047084B00200B
:10FD600008B500F0A1F908B1808808BD4FF6FF7012
:10FD700008BD00BFB0B138B50446858800F094F9DD
:10FD800068B183884FF6FE722B44934207D8204611
:10FD900000F08AF948B18388E81880B238BD4FF680
:10FDA000FF7038BD4FF6FF7070474FF6FF73F3E7F3
:10FDB00070B50546FFF7DEFF0B4B0446586CFFF7A6
:10FDC000D9FF2B680646BF3423B9B442B4BF002024
:10FDD000012070BDF0F7E4FF2B68C01AB0F5963F24
:10FDE000F3D9002070BD00BF084B002008B500F01B
:10FDF0005BF928B18088B0F5007F8CBF002001201E
:10FE000008BD00BF38B50446FFF7B4FF05462046DD
:10FE100000F04AF940B18388B3F5007F05D8B5F505
:10FE2000004F8CBF0020012038BD002038BD00BF2E
:10FE3000F8B50D4678B30446FFF79CFF064620460A
:10FE400000F032F938B38388B3F5007F23D8A5B327
:10FE50002846FFF78FFF0746284600F025F960B3D4
:10FE60008388B3F5007F28D8B7F5004F25D8B6F5BD
:10FE7000004F20D81A4E736CA3422AD0AB4221D037
:10FE80002046FFF777FF06462846FFF773FF8642B6
:10FE900011D22046F8BD9DB12846FFF76BFF0446FE
:10FEA000284600F001F958B18388B3F5007F07D8E0
:10FEB000B4F5004F04D82846F8BDB6F5004FE8D990
:10FEC0000020F8BD2046FFF773FF0028D8D0284651
:10FED000F2E72846FFF76CFF0028DAD1736CCDE714
:10FEE000084B002018B370B5144B8688DD8A044691
:10FEF00000F0DAF8C0B183884FF6FE7233449342C3
:10FF000012D8204600F0D0F8A0B1838833449BB2C9
:10FF1000A0884FF6FF722844904228BF10469842AE
:10FF200038BF184680B270BD4FF6FF73F0E74FF64A
:10FF3000FF7070474FF6FF73E8E700BF084B0020E3
:10FF400070B5054608460C4600F08EF898B10B4B8C
:10FF50009B685B6998470646284600F085F838B1EB
:10FF6000064B9B685B699847B04201D2204670BD42
:10FF70002C46204670BD4FF6FF76EDE7084B00207B
:10FF800008B50C4BD3F82821824204BF0022C3F8E5
:10FF90002821D3F80421824204BF0022C3F804219F
:10FFA000054B01461868F8F7DDF9BDE8084000F098
:10FFB000ADBC00BF084B00200C0400202DE9F84325
:10FFC000274D2B7B0026002B47D0264F81463868D3
:10FFD000F8F7FAF8044600283FD04FF6FF780CE017
:10FFE000AB6830469B6921469847064621463868EB
:10FFF000F8F7B2F8044600282FD0AB685B692046BA
:020000021000EC
:10000000002BF3D0984740450346EFD0EA8A82425E
:10001000ECD8A98A204639B1B5F848200A444245AF
:1000200028BF42469342E1DCAB68DB689847002872
:10003000DCD0B9F1000FD3D021463868F8F7F2F9D7
:10004000F7F7AAFEF7F7AEFE0028C9D121463868B7
:10005000F8F782F804460028CFD13046BDE8F8838F
:10006000084B00200C040020024B01461868F8F7EA
:10007000D7B800BF0C04002020B1044B9B685B691B
:1000800003B118474FF6FF70704700BF084B0020C0
:1000900008B5044B01461868F8F7C4F9BDE80840F4
:1000A000FBF770BD0C04002008B5044B014618682E
:1000B000F8F7B8F9BDE80840F7F76EBE0C04002069
:1000C00008B5054B01461868F8F7ACF9F7F764FE78
:1000D000BDE80840F7F766BE0C04002070B5124D6D
:1000E000696C81421FD0114E04463068F8F77EF9E2
:1000F00021463068F8F762F9696C3068F8F792F9D0
:10010000FBF740FDFBF7A8FEFBF782FE21463068B7
:10011000F8F788F9FBF736FD0021FBF7B9FE01235C
:100120006C6485F85D3070BD084B00200C04002025
:10013000F8B5144E0020FFF7D1FF3068F8F744F807
:10014000D8B1114D04460027D5F828313068A342B4
:10015000D5F8043108BFC5F828712146A34208BF6D
:10016000C5F80471F8F7FEF800F0D0FB21463068BE
:10017000F7F7F2FF04460028E6D1BDE8F840FEF7A5
:100180006FBA00BF0C040020084B002008B5FBF735
:10019000DBFCFBF7D3FC034B01461868BDE80840C5
:1001A000F8F73EB80C04002038B5FDF72BFF10BB64
:1001B0000446FFF703FF0546E8B1124B01461868F5
:1001C000F8F730F9F7F7E8FDF7F7ECFD58B90E4C02
:1001D000D4F828318BB1636CAB4207D00120FFF714
:1001E000EDFE28B138BD084BC3F82841284638BD7C
:1001F000636C002BFAD1002038BDC4F8285100F000
:10020000E9FAE8E70C040020084B0020024B034900
:100210001868F7F77FBF00BF0C04002081FF0000C3
:1002200070B5114D114B95F8572080249440A3FBD5
:100230000434A3092B66F7F7BDFAE4090C4A2B6EC8
:1002400004FB00F0A2FB002004EBD031581A01247B
:100250002866A5F8584005F1A400064ABDE870409C
:100260000023F6F71BBD00BF084B0020D34D6210E2
:1002700001800080BD02010008B5054BD3F80401E0
:10028000FFF706FF18B1BDE80840FFF723BB08BD24
:10029000084B00200348002290F83C1100F59670AE
:1002A000FFF718BD084B0020024B1B7B03B97047BA
:1002B000FEF7ECB8084B0020FEF7D2B910B5FEF7F8
:1002C000BDF958B3164C94F858306BB9637C217C57
:1002D00094F857200B449A42BCBF013284F857204F
:1002E000BDE81040FFF79CBFFDF78CFE28B9A37C4A
:1002F0001BB194F859209A4206D2B4F84A30A4F8B7
:100300004C300020FFF7E6FA002384F85830216EC5
:10031000044A0548BDE81040F6F7C0BC10BD00BF58
:10032000084B0020BD020100AC4B002010B5134C5F
:1003300094F85C30207E013384F85C30FFF72CFCAD
:1003400094F85C30042B14D8F7F734FA0C4BA3FB69
:1003500000235B0A03EB8303A0EBC31000F5A0713D
:10036000084A04F1E4000023BDE8104089B2F6F722
:1003700095BCBDE810400448FEF758B9084B002072
:10038000CDCCCCCC2D0301005835010010B5144C58
:10039000012384F85C30F7F70DFA124BA3FB00231E
:1003A0005B0A03EB8303A0EBC31000F5A0710E4AB8
:1003B00004F1E400002389B2F6F770FC94F95A20A6
:1003C00094F85A30207E0133002AB4BFDBB203F028
:1003D0007F0384F85A30BDE81040FFF7DDBB00BF53
:1003E000084B0020CDCCCCCC2D03010010B5204C07
:1003F000237B53B91F48F6F7B3FCF8B9FEF730F981
:10040000BDE810401C48F6F76FBC3C20FEF772F8C0
:100410003C20FCF795FD237B002BEBD0636C002B7D
:10042000E8D0B4F84A204FF6FF739A42E2D0FEF7C4
:1004300017F9BDE810401048F6F756BCF7F7BAF9BF
:100440000E4BA3FB0023DB0AC3EB0313A0EB03203B
:1004500000F5F0610A4A0748002389B2F6F71EFC4E
:10046000FEF7FEF8BDE810400348F6F73DBC00BFBC
:10047000084B0020084D0020E84C0020898888881F
:100480008504010010B5FDF7BDFD50B9134B1A7B73
:1004900042B15A6C32B1B3F84A204FF6FF739A4218
:1004A00000D010BD0020FFF7FBF90D48F6F758FC0F
:1004B0000028F6D0F7F77EF90A4BA3FB0023DB0AEE
:1004C000C3EB0313A0EB032000F5F061BDE810407F
:1004D000054A0348002389B2F6F7E0BB084B002029
:1004E000084D0020898888888504010010B50C48D3
:1004F000F6F736FC00B910BDF7F75CF9094BA3FB22
:100500000023DB0AC3EB0313A0EB032000F5F0612B
:10051000BDE81040044A0248002389B2F6F7BEBB8A
:10052000084D0020898888888504010010B5FEF7F1
:1005300085F848B1094C94F8573013B1627C9A425F
:1005400002D200F00DFA00B110BD637C84F85900AE
:1005500084F85730BDE81040FFF762BE084B00201A
:1005600010B4084C237B13B95DF8044B7047C4F8F2
:100570000401002304F1C400034A5DF8044B19464A
:10058000F6F78CBB084B00207902010010B50A4C2D
:10059000237B0BB1A37B03B910BDF7F70BF9C0F3B5
:1005A0000801064A04F1E4000023BDE8104001F50B
:1005B0008071F6F773BB00BF084B00208D0301006C
:1005C00010B50C4C227B02B910BD03468C469A68CC
:1005D00059680068DB68A4F83CC104F5967EAEE873
:1005E0000F0000230EF10400034ABDE81040194635
:1005F000F6F754BB084B002095020100114B1A7B03
:1006000012B11A7EFF2A00D1704710B55C8B02FB35
:1006100004F4F7F7CFF80C4BA3FB00231B0BC3EB41
:100620000313A0EB432000F5F050E40180B28442B4
:1006300088BF241A2146054A0548BDE8104000231A
:10064000F6F72CBB084B0020898888888D030100B1
:10065000EC4B00202DE9F041354CF0F7A1FB237B5A
:10066000002B39D0D4F8285115B12846BDE8F081C7
:100670000746606C18B1FFF723FD002852D0F7F74A
:1006800099F800EB800303EB031303EB032300EB68
:10069000430080B2274E45F25553984230681FD927
:1006A000F7F792FD0446B8B14FF6FF7706E0214612
:1006B0003068F7F751FD04460028D6D02046FFF7F2
:1006C000FFFC0028F3D12046FFF7D6FC65B3B84203
:1006D0003CBF07462546EAE700252846BDE8F081ED
:1006E000F7F772FD04460028F6D04FF0000806E048
:1006F00021463068F7F730FD04460028B5D0204683
:10070000FFF7DEFC0028F3D12046FFF7CDFC0028E0
:10071000EED0036815B1FA1A4245E9D9A7EB0308F0
:100720002546E5E7656CA0E707462546BFE700BF1D
:10073000084B00200C04002070B5FFF78BFF054626
:10074000FFF7A6FC30B104462846FFF7ADFC204673
:10075000FFF7C0F80C4C237B03B970BDF7F72AF8FC
:100760000A4A030AA2FB03234FF4345202FB13008C
:1007700000F5B451064A04F584700023BDE87040CA
:1007800089B2F6F78BBA00BF084B00200B5BB005AF
:100790003907010010B50C4C237B03B910BDF7F7E6
:1007A00009F80A4A030AA2FB03234FF4345202FB5E
:1007B000130000F5B451064A04F584700023BDE827
:1007C000104089B2F6F76ABA084B00200B5BB005FF
:1007D0003907010010B5084C237B03B910BDF6F7AB
:1007E000E9FF064AC0F30801002304F58470BDE860
:1007F0001040F6F753BA00BF084B0020390701003C
:1008000010B5084C237B03B910BD04F18400F6F742
:10081000A7FA0028F8D104F18400BDE81040F6F7EB
:1008200085BA00BF084B002010B50A4C237B03B9E2
:1008300010BD04F18400F6F793FA0028F8D004F113
:100840008400054ABDE8104000234FF41641F6F736
:1008500025BA00BF084B0020A902010010B51048BE
:10086000104A00234FF4F051F6F718FA0E48F6F745
:1008700077FA00B910BDF6F79DFF0C4BA3FB0023E0
:10088000DB0AC3EB0313A0EB032000F5F061BDE826
:100890001040074A0448002389B2F6F7FFB900BFA9
:1008A000E84C0020ED030100084D0020898888886D
:1008B0008504010010B50F4C2046F6F737FA04F115
:1008C0002000F6F733FA04F14000F6F72FFA04F1AE
:1008D0006000F6F72BFA04F18000F6F727FA04F12E
:1008E000A400F6F723FA04F1DC00BDE81040F6F7A7
:1008F0001DBA00BF6C4B00200348037B03B970474F
:100900006430F6F713BA00BF084B00200448037B9D
:1009100003B970470023034A19466430F6F7BEB99D
:10092000084B0020B9020100044B187B20B193F85A
:100930005E00003818BF0120704700BF084B002040
:10094000054B187B30B193F85E00A0F10200B0FABD
:1009500080F04009704700BF084B0020704700BF7F
:10096000014B1878704700BF496D002008B50C484E
:10097000002340F2FF214FF0D052C0E90013C0E93C
:100980000232FBF74FFCFEF7C7F8FFF73FFCFFF71B
:1009900065FFFFF7C5F9BDE80840FCF7BFBA00BF27
:1009A000284D002010B50A4C237B012B00D010BD30
:1009B000FFF75AFB0028FAD0D4F82831984204BF38
:1009C0000023C4F82831BDE81040FFF79FBF00BFE7
:1009D000084B002038B5054660B10C4659B10749AF
:1009E000082201F02DF8082204F10C01A81801F0EA
:1009F00027F8012038BD084638BD00BF244B002031
:100A0000704700BF7F2801DD7F290EDD884206DCAC
:100A100013DA091A7029D4BF002001207047401A48
:100A20000F28CCBF00200120704701F58071091A02
:100A30001029D4BF0020012070470020704700BF5C
:100A40002DE9F843184B1F7B3FB393F840702C33CC
:100A5000002F14BF1E460026144C4FF0000804F16E
:100A60006005237E1BB194F82A30012B05D0203479
:100A7000A542F6D14046BDE8F883A37EFE2B4FEA9F
:100A8000D7020CD004F11A092EB14946304600F0C5
:100A90009BFF0028EBD1C846E9E73E46DCE7E37E52
:100AA000802BEFD1E3E700BF084B0020D8410020A6
:100AB00010B5044684B010220021684600F051FFB2
:100AC000227D07322146D208684600F0B9FF684609
:100AD0000749FBF789FD6846FBF752FB08B1FBF7B6
:100AE0004BFB044B002283F8402004B010BD00BF34
:100AF000D04A0020084B002070B584B030B14B1EA6
:100B00007F2B0D4602D8530616460FD4214B1B6887
:100B1000012B02DC002004B070BD1F4A1F49204891
:100B2000F8F764FA1F48F8F761FAF3E70446102271
:100B300000211D4800F015FFEA1D2146D2081B4C7C
:100B4000194800F07DFF4FF0FF3310220021684666
:100B5000E36384F8405084F8416000F002FF94F8A9
:100B60004020073204F12C01D208684600F068FFEB
:100B700068460F49FBF738FD6846FBF701FB10B1EB
:100B8000012004B070BD014601226846FBF788FBD6
:100B9000F6E700BF8C020020042B01002822010090
:100BA000741E010064350100344B0020084B002006
:100BB000D04A0020F0B505888DB0044675B15B2D94
:100BC00007D16848F6F7C2F900287CD101200DB0A2
:100BD000F0BD0023038003200DB0F0BDF2F7C6F88E
:100BE00061496248624FF4F7DBFC62492A46881C7F
:100BF00001F5F07E40F29115A7FB02631B0A05FB8D
:100C00001323C83B21F8023F714502F10302F3D1DF
:100C10005949574E00F2BE30002240F29115A6FB12
:100C200002E31B0A05FB1323C83B21F8023F88425D
:100C300002F10402F3D1514E514D524A5248534FE2
:100C40003146F1F711FD4F4B514A52495248009538
:100C5000F1F72CFE29464D4A504D4A48F1F7BCFEAB
:100C60004F4B327B49494F4800954F4EF1F734FFC7
:100C70004D4A4E482946F1F7FBFF002532463B46D8
:100C800003E00135B5F5807F3AD052F8040B53F8F4
:100C9000041B8842F5D0464A46494748F8F7A6F96A
:100CA00057F8253056F8252044482946F8F79EF98C
:100CB0000023434A2B4813704FF4A061F6F732F932
:100CC0005B23238082E7F2F769F83E4E384A3E49BB
:100CD00030603948F8F78AF9F2F774F80546376852
:100CE000F2F770F82946364D33682D7800950344A5
:100CF0003A463648F8F77AF91A48F6F71DF9DFE769
:100D000004AB264A2448009320214FF48053F1F786
:100D10007DFD2F4B2F491B882F4A00912F4840F60D
:100D20007411F4F7C1F9224A274905462248F8F719
:100D30005DF92B4B2B492C48002D08BF19469DF817
:100D400013304FF48052CDE901329DF812209DF806
:100D5000113000929DF81020F8F748F9B5FA85F3A4
:100D60005B09A6E7384D0020AC350100D801002012
:100D7000A3716EA346690020266B0020E8360100AF
:100D800048650020886500204869002048610020EF
:100D9000005E0100205E0100405E0100484D002021
:100DA000E05D0100D04C0100485D0020D04601000C
:100DB000BC350100701E0100741E0100C435010025
:100DC0004A6D0020086D00208420010024360100B7
:100DD000685E010080410100A04601000C3801005E
:100DE000A0350100A4350100E83501007BB972B9D6
:100DF0000029BEBF00204FF0004106E008BF0028D8
:100E00001CBF6FF000414FF0FF3000F0B5B9ADF1FD
:100E1000080C6DE904CE002909DB002B1ADB00F079
:100E20004DF8DDF804E0DDE9022304B070474042EC
:100E300061EB4101002B1BDB00F040F8DDF804E022
:100E4000DDE9022304B0404261EB4101524263EB11
:100E500043037047524263EB430300F02FF8DDF881
:100E600004E0DDE9022304B0404261EB4101704738
:100E7000524263EB430300F021F8DDF804E0DDE9C2
:100E8000022304B0524263EB4303704753B94AB99B
:100E9000002908BF00281CBF4FF0FF314FF0FF3082
:100EA00000F06AB9ADF1080C6DE904CE00F006F867
:100EB000DDF804E0DDE9022304B070472DE9F047D6
:100EC000089D0E4604460F46002B4AD194468C4599
:100ED000B2FA82F260D942B1C2F12003974020FAFF
:100EE00003F30CFA02FC1F4394404FEA1C4E1FFA16
:100EF0008CF6B7FBFEF1230C0EFB117743EA074398
:100F000001FB06F098420AD91CEB030301F1FF37FD
:100F100080F01581984240F21281023963441B1A15
:100F2000A4B2B3FBFEF00EFB103344EA034400FB13
:100F300006F6A6420AD91CEB040400F1FF3380F048
:100F40000081A64240F2FD806444023840EA01403C
:100F5000A41B00211DB1D4400023C5E90043BDE816
:100F6000F0878B4205D90DB1C5E900010021084683
:100F7000F5E7B3FA83F1002946D1B34202D38242A6
:100F800000F2F580841A66EB030201201746002D5B
:100F9000E5D0C5E90047E2E7002A40F09380A1EBE5
:100FA0000C034FEA1C471FFA8CFE0121B3FBF7F636
:100FB00007FB1630230C43EA00430EFB06F0984271
:100FC00008D91CEB030306F1FF3802D2984200F265
:100FD000D08046461B1AA4B2B3FBF7F007FB1033D0
:100FE00044EA03440EFB00FEA64508D91CEB0404AA
:100FF00000F1FF3302D2A64500F2B6801846A4EBFA
:101000000E0440EA0640A5E7C1F120078B4022FA12
:1010100007FC4CEA030C06FA01FE20FA07F426FA54
:1010200007F344EA0E0400FA01F84FEA1C404FEAC5
:101030001449B3FBF0FE1FFA8CF600FB1E3349EA9D
:1010400003430EFB06F9994502FA01F20BD91CEB9A
:1010500003030EF1FF3A80F08580994540F28280CB
:10106000AEF1020E6344A3EB0909A4B2B9FBF0F39D
:1010700000FB139944EA094403FB06F6A64208D98B
:101080001CEB040403F1FF3068D2A64266D9023B90
:10109000644443EA0E40A41BA0FB02E6B44273463C
:1010A000B14652D34FD05DB1B8EB030264EB0904F3
:1010B00004FA07F722FA01F31F43CC40C5E9007494
:1010C00000214CE7C2F1200120FA01F30CFA02FCE6
:1010D00026FA01F1964033434FEA1C471FFA8CFE73
:1010E000B1FBF7F007FB1016190C41EA064100FBB3
:1010F0000EF68E4204FA02F408D91CEB010100F14D
:10110000FF382DD28E422BD902386144891B9BB205
:10111000B1FBF7F607FB161143EA014306FB0EF19C
:10112000994208D91CEB030306F1FF3814D2994207
:1011300012D9023E63445B1A46EA004136E739465B
:10114000EDE6184602E7F045ADD2BEEB020366EBD2
:101150000C060138B146A6E74646ECE7034698E799
:101160004046D3E7D6467EE76444023847E7084660
:101170000DE7023E63442DE7704700BF38B5104BC2
:101180001D682B6B0446B3B9182000F081F80246A5
:10119000286320B90B4B0C48462100F05BF80B4943
:1011A0000B4BC0E900130B4B83600B2383810021A1
:1011B0000120C2E904012B6B00221C615A6138BD79
:1011C0000C0000206A5E0100815E01000E33CDAB91
:1011D00034126DE6ECDE0500164B10B51C68236B6F
:1011E000B3B9182000F054F80246206320B9124B1E
:1011F0001248522100F02EF81149124BC0E9001399
:10120000114B83600B23838100210120C2E904017B
:10121000216B0E480B694C690D4A584302FB0400D0
:10122000A3FB0232013340EB0200C1E9043020F09D
:10123000004010BD0C0000206A5E0100815E0100CC
:101240000E33CDAB34126DE6ECDE05002DF45158B3
:101250002D7F954C1FB514461A46094B1B68054651
:10126000D8684CB1074B0091CDE9013406492B46B3
:1012700000F016F800F0FAFB044B1C46F3E700BF41
:101280000C000020035F0100105F01003E5F0100C1
:10129000024B01461868EFF759BB00BF0C00002055
:1012A0000EB403B5014603AB054853F8042B0068A0
:1012B000019300F007F802B05DF804EB03B070474B
:1012C0000C0000202DE9F04F0D469DB014469846C5
:1012D000064618B1036A0BB9EFF77CF96B6ED907B4
:1012E00005D4AB899A0502D4A86D00F043FBAB8905
:1012F0001B0701D52B699BB92946304600F018FA27
:1013000070B16B6EDC0704D54FF0FF301DB0BDE847
:10131000F08FAB899805F7D4A86D00F02CFBF3E7AC
:101320000023099320238DF82930CDF80C80302339
:10133000DFF8AC818DF82A304FF0010923469A4638
:1013400013F8012B0AB1252AF9D1BAEB040B0BD003
:101350005B4622462946304600F0A6FB013000F0ED
:10136000A780099A5A4409929AF80030002B00F09D
:101370009F8000234FF0FF32CDE905230AF1010AD7
:10138000049307938DF853301A935446052214F8AA
:10139000011B5348EEF734FF049AD8B9D10644BF75
:1013A00020238DF85330130744BF2B238DF853307F
:1013B0009AF800302A2B15D0079A544600204FF097
:1013C0000A0C214611F8013B303B092B4BD9B0B137
:1013D000079214E0A0EB080309FA03F31343049304
:1013E000A246D2E7039B191D1B680391002BBBBFCC
:1013F0005B4242F0020207930793B8BF049223783E
:101400002E2B0AD163782A2B32D1039B1A1D1B681D
:10141000039243EAE37302340593DFF8D4A0217802
:1014200003225046EEF7ECFE38B1049BA0EB0A0015
:101430004022824013430134049314F8011B2948CD
:101440008DF828100622EEF7DBFE00283FD0264B51
:101450001BBB039B073323F0070308330393099B4C
:101460003B4409936AE70CFB02320C460120A8E7D3
:1014700000230134059319464FF00A0C204610F85A
:10148000012B303A092A03D9002BC6D00591C4E7B5
:101490000CFB012104460123F0E703AB00932A462D
:1014A000124B04A93046AFF300800746781CD6D112
:1014B0006B6ED90705D4AB899A0502D4A86D00F0EC
:1014C0005AFAAB895B063FF51FAF09981EE703ABDD
:1014D00000932A46054B04A9304600F00BF8E4E7D8
:1014E0003F5F0100495F010000000000A91A0100F0
:1014F000455F01002DE9FF470F7E0C9E782F914636
:1015000080460C469A4601F1430207D8622F0AD85A
:10151000002F00F0D180582F00F0B88004F142066F
:1015200084F842703AE0A7F16303152BF6D801A1C5
:1015300051F823F08D150100A11501001D150100C2
:101540001D1501001D1501001D150100A11501004B
:101550001D1501001D1501001D1501001D150100BF
:101560009F160100CB150100591601001D15010041
:101570001D150100C11601001D150100CB1501004C
:101580001D1501001D1501006116010033681A1DAB
:101590001B68326004F1420684F8423001239CE06B
:1015A00033682068191D3160060601D51D6803E007
:1015B0004506FBD5B3F90050002D03DA2D236D420B
:1015C00084F8433058480A2311E02168336808063C
:1015D00053F8045B02D4490648BFADB26F2F52489E
:1015E000336014BF0A230823002184F8431066687F
:1015F000A660002E05DB21682E4321F00401216046
:101600004BD01646B5FBF3F103FB1157C75D06F847
:10161000017D2F46BB420D46F4D9082B0BD1236820
:10162000DF0708D5236961689942DEBF302306F8D9
:10163000013C06F1FF36921B2261CDF800A04B461B
:1016400003AA2146404600F041FA01304AD14FF04A
:10165000FF3004B0BDE8F087236843F02003236027
:101660003248782784F84570236831681F0651F89E
:10167000045B02D45F0648BFADB23160D90744BFF6
:1016800043F0200323601DB11023ADE72648E9E7AE
:10169000236823F020032360F6E71646BDE733688E
:1016A00025686169181D30602E061B6801D5196018
:1016B00002E06806FBD51980002323611646BCE7CB
:1016C00033681A1D32601E68626800213046EEF7EA
:1016D00097FD08B1801B606063682361002384F874
:1016E0004330AAE72369324649464046D047013095
:1016F000ADD023689B0713D4E068039B9842B8BF22
:101700001846A6E70123324649464046D0470130F5
:101710009DD00135E36803995B1AAB42F2DCEBE73D
:10172000002504F11906F5E7505F0100615F010033
:1017300038B5294B054618680C4618B1036A0BB931
:10174000EEF748FFB4F90C30190722D4DA0607D4B3
:1017500009222A6043F04003A3814FF0FF3033E0B9
:10176000580712D5616B41B104F14403994202D08C
:101770002846EFF77FF800236363A38923F024034F
:10178000A3810023636023692360A38943F00803D6
:10179000A38123694BB9A38903F42073B3F5007FB8
:1017A00003D02146284600F08CFAB4F90C3013F02F
:1017B00001020AD00022A26062695242A26122693B
:1017C00042B913F08000C5D138BD990758BF62698E
:1017D000A260F4E70020F7E70C000020024B01466E
:1017E000186800F01EBA00BF0C00002038B5074D85
:1017F00000230446084611462B6000F043F8431CC2
:1018000002D12B6803B1236038BD00BFDC1100207A
:1018100038B5074D00230446084611462B6000F0FA
:1018200019F8431C02D12B6803B1236038BD00BFF7
:10183000DC11002038B5064D0023044608462B6015
:1018400000F018F8431C02D12B6803B1236038BDA7
:10185000DC110020024B58221A604FF0FF30704715
:10186000DC110020024B58221A604FF0FF30704705
:10187000DC110020024B58221A600020704700BF84
:10188000DC110020024B58221A604FF0FF307047E5
:10189000DC110020002301461A461846EEF730BF3F
:1018A0002DE9F8430746884614460026D4E90195F9
:1018B000B9F1010905D52468002CF7D13046BDE8FF
:1018C000F883AB89012B07D9B5F90E30013303D06A
:1018D00029463846C04706436835E9E710B50C4647
:1018E000B1F90E10EEF7B0FE0028ABBF636DA3890F
:1018F0001B1823F48053ACBF6365A38110BD2DE991
:10190000F0411F468B89DB0505460C46164605D57A
:10191000B1F90E1002230022EEF784FEA389B4F978
:101920000E1023F48053A38132463B462846BDE87F
:10193000F041EEF79BBE10B50C46B1F90E10EEF774
:1019400071FE431CA38915BF606523F4805343F4E3
:101950008053A38118BFA38110BDB1F90E10EEF71B
:1019600051BE02440346934200D1704703F8011B65
:10197000F9E770477047704738B50B6905460C4664
:1019800013B90025284638BD18B1036A0BB9EEF724
:1019900021FEB4F90C30002BF3D0626ED00704D4D2
:1019A000990502D4A06DFFF7E5FF28462146EFF721
:1019B00059F8636EDA070546E4D4A3899B05E1D4A0
:1019C000A06DFFF7D8FFDDE710B501390244904262
:1019D00001D1002005E0037811F8014FA34201D0A6
:1019E000181B10BD0130F2E7884210B501EB02046C
:1019F00002D98442234607D8431EA14208D011F8D9
:101A0000012B03F8012FF8E7024401468A4200D176
:101A100010BD13F8014D02F8014DF7E710B56AB19A
:101A20000139841810F8012B11F8013F9A4203D1B3
:101A3000A04201D0002AF5D1D01A10BD1046FCE713
:101A40000A44914200F1FF3300D1704710B511F8FC
:101A5000014B03F8014F9142F9D110BD034613F831
:101A6000012B002AFBD1181A0138704708B506204F
:101A7000FFF7B4FE0120EFF7B7F89368013B002BA6
:101A800010B4936008DA9469A34201DB0A2903D1F8
:101A90005DF8044B00F087B81368581C106019708B
:101AA00008465DF8044B7047F8B506460F461446E5
:101AB000D518AC4201D1002007E014F8011B3A46CA
:101AC0003046FFF7DAFF431CF3D1F8BD2DE9F047AC
:101AD000164698468A680B69DDF820909342B8BF95
:101AE0001346336091F8432007460C460AB1013390
:101AF00033602368990642BF336802333360256838
:101B000015F0060506D104F1190AE36832689B1A3C
:101B1000AB4226DC94F843302268003B18BF012317
:101B200092062BD404F1430241463846C84701309F
:101B30001ED02368226903F00603042B02BFE56868
:101B40003368ED1AA3680CBF25EAE57500259342BA
:101B5000C4BF9B1AED1800261A34B5421AD10020D2
:101B600008E00123524641463846C847013003D1B8
:101B70004FF0FF30BDE8F0870135C6E7E1185A1C89
:101B8000302081F84300224494F8451082F8431035
:101B90000233C7E70123224641463846C847013091
:101BA000E6D00136D9E7F8B50E461446054618B119
:101BB000036A0BB9EEF70EFDA369A360A3891A07A8
:101BC00001D5236943B921462846FFF7B1FD18B175
:101BD0004FF0FF373846F8BD23682269981A6369C9
:101BE000F6B28342374605DC21462846FFF7C4FE9D
:101BF0000028EDD1A368013BA36023685A1C226032
:101C00001E706269431C9A4204D0A389DB07E1D5A8
:101C10000A2EDFD121462846FFF7AEFE0028D9D094
:101C2000D6E71F2938B505460C4604D916230360AC
:101C30004FF0FF3038BDC26B12B152F821304BB9B2
:101C4000284600F016F8224601462846BDE83840EE
:101C5000FFF7CCBD012B0AD0591C03D1162303601A
:101C60000120E7E7002142F8241020469847002091
:101C7000E0E7FFF7F7BD70B50C46B1F90E1000298B
:101C800096B015461E460DDAA38913F0800F4FF06B
:101C9000000114BF40234FF48063002031602B60AB
:101CA00016B070BD6A46FFF7B3FD0028ECDB019962
:101CB00001F47041A1F50053594259414FF480633A
:101CC000EBE78B89F7B59D0706460C4607D504F16F
:101CD0004703236023610123636103B0F0BD01ABBF
:101CE0006A46FFF7C8FF009F054639463046EEF7C3
:101CF0002DFE48B9B4F90C309A05EED423F0030355
:101D000043F00203A381E2E7A389206043F080034C
:101D1000A381019BC4E904075BB1B4F90E103046FE
:101D2000FFF788FD28B1A38923F0030343F00103E3
:101D3000A381A3891D43A581CFE70000F8B500BFAB
:101D4000F8BC08BC9E467047F8B500BFF8BC08BC9C
:101D50009E467047000000000100000000000000E7
:101D600082800000000000008A80000000000080E7
:101D700000800080000000808B80000000000000D8
:101D800001000080000000008180008000000080D1
:101D900009800000000000808A00000000000000B0
:101DA00088000000000000000980008000000000A2
:101DB0000A000080000000008B800080000000000E
:101DC0008B0000000000008089800000000000807F
:101DD00003800000000000800280000000000080FE
:101DE00080000000000000800A8000000000000069
:101DF0000A000080000000808180008000000080D8
:101E000080800000000000800100008000000000D1
:101E100008800080000000800D00010E00010F000E
:101E200001100001427574746F6E203400000000D0
:101E3000427574746F6E2033000000004275747434
:101E40006F6E203200000000427574746F6E203196
:101E50000000000054656D706572617475726500F4
:101E60006E52463532383430204945454500000031
:101E7000455252005B252D34733A20252D313073A5
:101E80005D200000546F6F206C6F6E673A202575DF
:101E90002062797465732C206D61782025750A00A5
:101EA00054583A20746F6F206C6F6E672028257528
:101EB000206279746573290A000000006E5246356D
:101EC00032383430204945454520524620647269F5
:101ED0007665720044412D4148452F4B2F0000008C
:101EE00044412D4148452F412F0000007B226F6B5C
:101EF000223A25752C22737461636B5F68776D22BB
:101F00003A256C752C2263745F6279746573223A8A
:101F1000343039367D0000007469746C653D2244AC
:101F2000412D41484520737461747573223B72746E
:101F30003D226170706C69636174696F6E2F6A73A2
:101F40006F6E2200426C6F636B4F75744F66536304
:101F50006F7065004E6F426C6F636B3153757070BC
:101F60006F7274004E6F4672656554726142756699
:101F7000666572002E77656C6C2D6B6E6F776E2FB9
:101F8000636F726500000000546F6F4D616E794F92
:101F9000627365727665727300000000257300003D
:101FA00063743D3430000000636F61702074696DAC
:101FB00065722070726F636573730000436F4150E8
:101FC00020456E67696E650053657269616C697A58
:101FD0006564206865616465722065786365656421
:101FE0007320434F41505F4D41585F484541444540
:101FF000525F53495A450000436F41502076657245
:1020000073696F6E206D75737420626520310000F6
:10201000546F6B656E204C656E677468206D7573C8
:1020200074206E6F74206265206D6F726520746815
:10203000616E2038000000005468697320697320C5
:102040006120636F6E73747261696E65642073657D
:10205000727665722028436F6E74696B692900007F
:10206000556E737570706F727465642063726974F5
:102070006963616C206F7074696F6E004D61696E89
:1020800000000000494E464F00000000537461728A
:1020900074696E6720436F6E74696B692D4E472DAE
:1020A000342E382D393737316539610A0000000088
:1020B0002D20526F7574696E673A2025730A0000EF
:1020C0002D204E65743A2025730A00002D204D41C5
:1020D000433A2025730A00002D203830322E313546
:1020E0002E342050414E49443A20307825303478FF
:1020F0000A0000002D203830322E31352E34204495
:10210000656661756C74206368616E6E656C3A20FB
:1021100025750A004E6F64652049443A2025750AEA
:10212000000000004C696E6B2D6C61796572206156
:102130006464726573733A200000000054656E7425
:102140006174697665206C696E6B2D6C6F63616C70
:10215000204950763620616464726573733A2000BA
:102160004374696D65722070726F636573730000EC
:102170004576656E742074696D657200284E554C05
:102180004C204C4C20616464722900002530327868
:1021900000000000537461636B00000043686563D6
:1021A0006B20696E20696E636F6E73697374656E00
:1021B000742073746174653A20256C642076732EE4
:1021C00020256C640A000000436865636B2066612B
:1021D000696C65643A20256C642076732E20256C2A
:1021E000640A0000537461636B20636865636B006D
:1021F00053656E736F727300427574746F6E20480E
:10220000414C2070726F636573730000536572698F
:10221000616C206472697665720000004672616DBF
:10222000652031352E3400005741524E0000000029
:1022300031352E343A20666F7220616E6F74686596
:10224000722070616E2025750A0000004F75743A87
:1022500020746F6F206C61726765206865616465CA
:10226000723A2025750A0000303132333435363762
:102270003839414243444546000000003031323392
:1022800034353637383961626364656600000000B2
:1022900030780000305800002D0000002B000000B6
:1022A000286E756C6C2900002500000043534D41D9
:1022B000000000006661696C656420746F206372C1
:1022C00065617465207061636B65742C2073657142
:1022D0006E6F3A2025640A007061636B6574207329
:1022E000656E743A206E6F206D657461646174610F
:1022F0000A000000636F756C64206E6F7420616C5F
:102300006C6F636174652071756575656275662CA7
:102310002064726F7070696E67207061636B6574A2
:102320000A0000004E65696768626F72207175650A
:1023300075652066756C6C0A00000000636F756C33
:1023400064206E6F7420616C6C6F636174652070C3
:1023500061636B65742C2064726F7070696E6720A6
:102360007061636B65740A00636F756C64206E6FD7
:102370007420616C6C6F63617465206E6569676859
:10238000626F722C2064726F7070696E672070616A
:10239000636B65740A0000002120726164696F201C
:1023A000646F6573206E6F7420737570706F7274D4
:1023B0002067657474696E6720524144494F5F43DA
:1023C0004F4E53545F4D41585F5041594C4F41441B
:1023D0005F4C454E2E2041626F727420696E6974A5
:1023E0002E0A0000726164696F20646F6573206E4D
:1023F0006F7420737570706F727420676574746980
:102400006E6720524144494F5F504152414D5F52E7
:10241000585F4D4F44450A00726164696F20646FD4
:102420006573206E6F7420737570706F7274207393
:10243000657474696E6720524144494F5F50415240
:10244000414D5F52585F4D4F44450A004661696CEB
:10245000656420746F207265747269657665206D9D
:10246000617820726164696F206472697665722098
:102470007061796C6F6164206C656E6774680A00C6
:102480006661696C656420746F2070617273652089
:1024900025750A006E6F7420666F722075730A00CE
:1024A0006672616D652066726F6D206F75727365FF
:1024B0006C7665730A00000064726F70206475703A
:1024C0006C6963617465206C696E6B206C61796501
:1024D00072207061636B65742066726F6D200000FE
:1024E0002C207365716E6F2025750A007369637304
:1024F0006C6F7770616E00005443502F4950207309
:102500007461636B0000000049507636204E6272A1
:102510000000000025733A20696E76616C696420C2
:10252000617267756D656E740A00000025733A204C
:102530006E65775F6C6C5F616464722C20000000D4
:102540002C20697320616C726561647920757365F4
:102550006420696E20616E6F74686572206E6272AD
:102560000A00000025733A20696E707574206E624F
:10257000722063616E6E6F742062652072656D6F8C
:102580007665640A0000000025733A2063616E6E70
:102590006F7420616C6C6F636174652061206E657F
:1025A00077206E627220666F72206E65775F6C6C4A
:1025B0005F616464720A00004950763620526F757C
:1025C000746500004E6F20726F75746520666F75BC
:1025D0006E640A004164643A206E65696768626FE0
:1025E00072206C696E6B2D6C6F63616C206164642A
:1025F0007265737320756E6B6E6F776E20666F7287
:10260000200000004164643A20636F756C64206EA2
:102610006F7420616C6C6F63617465206E656967AF
:1026200068626F72207461626C6520656E74727985
:102630000A0000004164643A20636F756C64206E88
:102640006F7420616C6C6F6361746520726F757458
:10265000650A00004164643A20636F756C64206E03
:102660006F7420616C6C6F63617465206E6569675F
:1026700068626F7220726F757465206C6973742064
:10268000656E7472790A0000416464206465666155
:10269000756C743A20636F756C64206E6F74206182
:1026A00064642064656661756C7420726F7574650E
:1026B00020746F20000000002C206F7574206F665E
:1026C000206D656D6F72790A0000000049434D501E
:1026D00076360000556E61626C6520746F207265FD
:1026E0006D6F766520657874206865616465722019
:1026F0006265666F72652073656E64696E672049F6
:10270000434D507636204552524F52206D657373BB
:102710006167650A0000000053656E64696E67209A
:1027200049434D507636204552524F52206D6573C5
:1027300073616765207479706520256420636F6418
:102740006520256420746F2000000000696E7661AA
:102750006C696420617267756D656E743B20646599
:102760007374206973204E554C4C0A0049507636DC
:10277000204E4450000000004E532072656365698E
:10278000766564206973206261640A00496E73751E
:102790006666696369656E74206461746120666F42
:1027A00072204E5320534C4C414F206F7074696F10
:1027B0006E0A00004E44206F7074696F6E206E6F59
:1027C0007420737570706F7274656420696E204E2A
:1027D0005300000049507636205352004E533A20A1
:1027E0006E6F207370616365206C65667420666F20
:1027F0007220726F6F74206E6F6465210A00000092
:102800004E533A206E6F207370616365206C65666D
:102810007420666F72206368696C64200000000099
:102820004950763600000000457874656E73696F14
:102830006E20686561646572206F7074696F6E20C8
:10284000746F6F206C6F6E673A2064726F7070697E
:102850006E67207061636B65740A000052504C20F3
:102860004F7074696F6E204572726F723A204472B5
:102870006F7070696E67205061636B65740A000049
:102880007569705F6C656E20746F6F2073686F720E
:102890007420636F6D706172656420746F20657859
:1028A00074206C656E0A0000696E636F6D706C65F4
:1028B00074652049507636206865616465722072BF
:1028C000656365697665642028256420627974658E
:1028D00073290A00696E76616C696420766572738B
:1028E000696F6E0A000000007061636B657420738D
:1028F000686F72746572207468616E207265706FA3
:102900007274656420696E20495020686561646551
:10291000720A000064726F7070696E672070616384
:102920006B65742077697468206C656E67746820C5
:102930002564203E2025640A00000000696E76614F
:102940006C696420657874656E73696F6E20686564
:102950006164657220636861696E0A0044726F7019
:1029600070696E67207061636B65742C207372638D
:10297000206973206D636173740A00004C4C2073EE
:102980006F75726365206164647265737320776923
:102990007468206F6666206C696E6B206465737462
:1029A000696E6174696F6E2C2064726F7070696EED
:1029B000670A000044726F7070696E67207061630F
:1029C0006B65742C206E6F7420666F72206D6520AD
:1029D000616E64206C696E6B206C6F63616C206F3C
:1029E00072206D756C7469636173740A0000000075
:1029F000556E7265636F676E697A656420726F7574
:102A000074696E6720747970650A00006672616788
:102A10006D656E742064726F707065642E000000C6
:102A2000756E7265636F676E697A6564206865614B
:102A30006465720A0000000069636D70763620627A
:102A4000616420636865636B73756D0A0000000044
:102A5000556E6B6E6F776E2049434D507636206D04
:102A600065737361676520747970652F636F646542
:102A70002025640A000000007564703A20626164D9
:102A800020636865636B73756D203078253034780A
:102A9000203078253034780A000000007564703AE0
:102AA000207A65726F20706F72742E0A0000000029
:102AB0007564703A206E6F206D61746368696E672B
:102AC00020636F6E6E656374696F6E20666F756EDE
:102AD000640A00003A3A464646463A25752E257560
:102AE0002E25752E257500003A3A00003A000000A8
:102AF00025780000284E554C4C20495020616464D4
:102B00007229000052504C006661696C6564207443
:102B10006F206372656174652061206E6577205255
:102B2000504C204441470A0069676E6F72696E67B6
:102B30002044494F207769746820616E20756E7358
:102B40007570706F72746564204F463A2025750A5F
:102B5000000000006661696C656420746F20736515
:102B600074207072656669780A00000069676E6F8C
:102B700072696E672044494F207769746820616EDE
:102B800020756E737570706F72746564204D4F5050
:102B90003A2025640A0000004A6F696E00000000B8
:102BA0006661696C656420746F20696E697469611F
:102BB0006C697A65204441470A0000006A757374A5
:102BC000206A6F696E65642C206E6F20706172657B
:102BD0006E74207965742C2073657474696E672037
:102BE00074696D657220666F72206C656176696EBE
:102BF000670A00006C6F63616C20726570616972B6
:102C000020282573290A00004C6F63616C207265CF
:102C10007061697200000000706F69736F6E696E99
:102C20006720616E64206C656176696E67206166FD
:102C300074657220612064656C61790A000000008F
:102C4000506F69736F6E20726F757465730000004A
:102C50007369676E69666963616E742072616E6B19
:102C6000207570646174652025752D3E25750A00F8
:102C70005369676E69666963616E742072616E6B19
:102C80002075706461746500476F742070617265AF
:102C90006E740000666F756E6420706172656E748C
:102CA0003A2000002C2073746179696E6720696E88
:102CB000204441470A0000006E6F20706172656E0B
:102CC000742C207363686564756C696E6720706529
:102CD00072696F646963204449532C2077696C6C76
:102CE000206C65617665206966206E6F2070617268
:102CF000656E7420697320666F756E640A0000004B
:102D000044414720657870697265642C20706F6952
:102D1000736F6E20616E64206C656176650A0000D9
:102D2000444147206578706972696E6720696E203A
:102D30002575207365636F6E64732C2073656E64F4
:102D40002044495320746F20707265666572726505
:102D50006420706172656E740A000000696E6974A7
:102D6000696174696E6720676C6F62616C2072655F
:102D70007061697220282573292C20766572736929
:102D80006F6E2025752C2072616E6B2025750A00F0
:102D9000476C6F62616C207265706169720000003F
:102DA0006661696C656420746F20696E6974204483
:102DB00041470A004865617264206F6C6420766543
:102DC0007273696F6E2066726F6D20726F6F740020
:102DD000696E636F6E73697374656E742044494FD6
:102DE0002076657273696F6E202863757272656EE6
:102DF000743A2025752C2072656365697665643A9E
:102E0000202575292C20696E6974696174652067B5
:102E10006C6F62616C207265706169720A000000FB
:102E2000496E636F6E73697374656E742044494FA5
:102E30002076657273696F6E000000006E65772002
:102E400044494F2076657273696F6E2028637572EE
:102E500072656E743A2025752C20726563656976FB
:102E600065643A202575292C206170706C79206783
:102E70006C6F62616C207265706169720A0000009B
:102E800070617274696369706174696E6720696EDC
:102E900020676C6F62616C207265706169722C20B2
:102EA00076657273696F6E2025752C2072616E6B6A
:102EB0002025750A000000004950763620636163C2
:102EC00068652066756C6C2C2064726F7070696E1A
:102ED000672044494F0A00006661696C656420748C
:102EE0006F20616464206E65696768626F720A00B2
:102EF0006E65696768626F72207461626C652066D6
:102F0000756C6C2C2064726F7070696E6720444918
:102F10004F0A00004454534E20696E6372656D651C
:102F20006E742025752D3E25752C207363686564AD
:102F3000756C65206E65772044414F207769746811
:102F4000204454534E2025750A0000004D756C74C2
:102F50006963617374204449530000006661696CC1
:102F6000656420746F20616464206C696E6B206FEF
:102F70006E20696E636F6D696E672044414F0A0071
:102F8000526561636861626C6500000044414F2DC9
:102F90004E41434B207265636569766564207769AD
:102FA0007468207365716E6F2025752C20737461B1
:102FB0007475732025752C20706F69736F6E206196
:102FC0006E64206C656176650A000000496E697464
:102FD00020726F6F74000000686F702D62792D6829
:102FE0006F7020657874656E73696F6E20686561B7
:102FF000646572206861732077726F6E67207369F1
:103000007A6520282575290A00000000756E616226
:103010006C6520746F206164642F757064617465E1
:1030200020686F702D62792D686F702065787465E7
:103030006E73696F6E206865616465723A20696EAF
:10304000636F727265637420696E7374616E636519
:103050000A000000535248207769746820746F6F2B
:10306000206D616E79207365676D656E7473206C79
:1030700065667420282575203E202575290A0000E4
:10308000496E76616C6964205352482061646472B1
:1030900065737320706F696E7465720A00000000BA
:1030A000686F702D62792D686F7020657874656E19
:1030B00073696F6E20686561646572206861732052
:1030C00077726F6E672073697A65206F72207479EA
:1030D000706520282575202575202575290A000092
:1030E000756E6B6E6F776E20696E7374616E63655B
:1030F0003A2025750A000000666F727761726420BD
:103100006572726F72210A0053524820726F6F7499
:10311000206E6F6465206E6F7420666F756E640A32
:1031200000000000535248206E6F207061746820C8
:10313000666F756E6420746F2064657374696E6168
:1031400074696F6E0A0000007061636B65742074AF
:103150006F6F206C6F6E673A20696D706F73736963
:10316000626C6520746F2061646420736F75726394
:103170006520726F7574696E672068656164657239
:1031800020282575206279746573290A00000000E3
:103190007061636B657420746F6F206C6F6E673A3B
:1031A00020696D706F737369626C6520746F206144
:1031B000646420686F702D62792D686F70206F7065
:1031C00074696F6E0A00000064616F5F61636B5F1A
:1031D000696E7075743A20756E6B6E6F776E2069CC
:1031E0006E7374616E63652C2064697363617264CD
:1031F0000A00000064616F5F696E7075743A207533
:103200006E6B6E6F776E2052504C20696E737461D6
:103210006E63652025752C20646973636172640A8E
:103220000000000064616F5F696E7075743A20641D
:103230006966666572656E74204441472049442082
:10324000000000006469735F696E7075743A206EE7
:103250006F7420696E20616E20696E7374616E6395
:1032600065207965742C20646973636172640A0057
:1032700064696F5F696E7075743A206D616C666F1A
:10328000726D6564207061636B65742C2064697372
:10329000636172640A00000064696F5F696E707533
:1032A000743A20696E76616C696420444147204D10
:1032B000432C206C656E2025752C20646973636136
:1032C00072640A0064696F5F696E7075743A207584
:1032D0006E737570706F7274656420444147204D41
:1032E0004320747970652025752C206469736361AF
:1032F00072640A0064696F5F696E7075743A206960
:103300006E76616C69642064657374696E6174695A
:103310006F6E20707265666978206F7074696F6E69
:103320002C206C656E2025752C2064697363617296
:10333000640A000064696F5F696E7075743A206991
:103340006E76616C696420726F75746520696E6653
:103350006F206F7074696F6E2C206C656E20257500
:103360002C20646973636172640A000064696F5F92
:10337000696E7075743A20696E76616C6964204478
:10338000414720636F6E66696775726174696F6E1D
:10339000206F7074696F6E2C206C656E2025752C03
:1033A00020646973636172640A00000064696F5F7E
:1033B000696E7075743A20696E76616C6964204438
:1033C00041472070726566697820696E666F2C20AF
:1033D0006C656E2025752C20646973636172640AC4
:1033E0000000000064696F5F696E7075743A207543
:1033F0006E737570706F72746564207375626F7030
:1034000074696F6E207479706520696E2044494F2D
:103410003A2025752C20646973636172640A000088
:10342000636F756C64206E6F7420616464206E65D8
:10343000696768626F7220746F20636163686520DA
:10344000000000002C200000756E61626C65207425
:103450006F2073656E642044494F20626563617517
:103460007365206F6620756E737570706F7274650A
:103470006420444147204D432074797065202575B0
:103480000A00000072706C5F69636D70365F646182
:103490006F5F6F75747075743A206E6F7420696E0B
:1034A00020616E20696E7374616E63652C20736B8E
:1034B00069702073656E64696E672044414F0A002D
:1034C00072706C5F69636D70365F64616F5F6F759A
:1034D000747075743A206E6F2070726566657272D2
:1034E000656420706172656E742C20736B69702046
:1034F00073656E64696E672044414F0A00000000E6
:1035000072706C5F69636D70365F64616F5F6F7559
:10351000747075743A206E6F6465206E6F742072DB
:103520006561647920746F2073656E642061204446
:10353000414F20287072656669782025702C2070B4
:103540006172656E7420616464722025702C206D38
:103550006F70202575290A0044414F206D61782045
:1035600072747800707265666978206E6F74206975
:103570006E636C756465642C206E6F742D7375704A
:10358000706F72746564206F7220696E76616C6909
:10359000640A000052504C204C6974650000000021
:1035A0006F6B00006661696C0000000064612D6152
:1035B00068652F73746174757300000044412D4178
:1035C000484500004D2D4C5745206D69736D617461
:1035D00063682061742025753A20256C7520213D93
:1035E00020256C750A00000053454C465445535441
:1035F000206D6C77653D6F6B206D6C6473613D254C
:103600007320686D61633132383D25303278253062
:10361000327825303278253032782063743D257534
:103620000A00000044415F4148455F535441434B09
:103630005F48574D20726F6C653D6E6F64652073F7
:1036400074617469633D256C7520737461636B3DAF
:10365000256C75207065616B3D256C75206F6B3D29
:1036600025750A0044412D41484520726570726FEE
:103670006475636962696C697479206669726D77D3
:1036800061726500541E01009D0C0000850C000055
:10369000990C000000B000400B000300FF00060082
:1036A0000000000001000000D0070000060000003C
:1036B0004915000031140000C1160000B5170000C4
:1036C00051130000D91500002512000089120000D6
:1036D0002115000075100000851000000918000079
:1036E000B1120000911100000000F000080010006D
:1036F0000008400000000100B4000C000E00240986
:10370000400001000200780010000C00AA0A20000E
:1037100002000000D23D136BB11C70EF8156EA1F0E
:10372000A94BB45CD2C435911E8457BA98D290D7B5
:1037300035B165EA962D67F5229D3CFBAF920AFEF6
:10374000379D43FFE367BFFFF3CDEBFF2E3FFAFF4B
:10375000F381FEFFCFA5FFFFA4ECFFFF3AFCFFFFC4
:1037600057FFFFFFE7FFFFFFFFFFFFFFD8BA091E6C
:103770002F2B9257C6461A8A509DCEB2EDD9E0D073
:10378000BEC840E570F8E9F1662421F9729EE6FCB6
:10379000256FB5FEFDE780FF97F2D2FF3849F1FFB4
:1037A0004593FBFF93C6FEFF4CB0FFFF71EDFFFF9B
:1037B0001EFCFFFF58FFFFFFFFFFFFFFE2855E1CBF
:1037C00077DCF552CAC795830FE1ADAB48CC48CA48
:1037D0007254E9DFA22E0FEE268FA0F668386EFB3A
:1037E0000568ECFD6A061FFFD066A7FFE58DDFFFC9
:1037F00044F5F4FFC082FCFF59FAFEFF58B9FFFF01
:10380000D0EEFFFFACFCFFFFFFFFFFFFF1E6D0F6BD
:10381000FCBE4BBAB5B7EF8B9F7E00E60B0EA5FE44
:103820001ED4877517AF9B5CB4E4302A279AF23F09
:10383000F43E8796B419F43B84F4A447BD9516D59D
:103840008413B2E5BEED2A4E19643B006EC5703795
:103850008680058CDD5559E9D6AED6B48ABB02CD3B
:10386000C70835E4983C0D7D55805516AF21933738
:1038700083655DEA38B30DAFA96132140CF83A5391
:10388000323513F16554D0959675C2928473362DF6
:10389000208112BFF18F64D617C0D3A6E40B4B353D
:1038A000CB1C6EBA1694F0EA810BA5F376D83AE9F0
:1038B000CEA5664CBE42A4D9570BB654DACC2463CD
:1038C000B9763C20D2970E4C48BE80989F34C31CDA
:1038D000C9F6918EE35A40586996144AA284E3F7D8
:1038E000248C8B6FE87871E468B9EAC99AC2C1394F
:1038F000B2A014DCB42DFD1619381B2DCF104AD8F8
:1039000006A2D8079A498357C9D3E4B3DFBC8128FC
:1039100049A4E093C520A357E8B03CC1AFAF5B8397
:10392000486EDC2C798155768841DFDBACBC3E2EBD
:10393000441BC74823B3806FA30E30621C42B8FDFE
:103940004933474BAE921673A2DDC02FD32AD02B3A
:10395000A19BA9EC504A8C53C1BE7AC9C7611A8396
:10396000395E239FDF687B2F4D3324E29182DA1D7D
:10397000C53446BBF1C041CFAC4AA11C8084856DE3
:103980004D03ECEA47B8F1AE203993BAE49CBCF998
:10399000761121EE8C7762D5217D21D2E8BF0EC64B
:1039A00042BA55CFF6FB82D90BB668E2505577087C
:1039B000EB9DB4A708729C244CC6496AA2139E5979
:1039C00047B511A6006449B0F61D94F85DE49394E0
:1039D000EAAC198E88BDFB0F95FAD7E451CB082BC2
:1039E0005F5231A5C30F1E08A82D89419B916D68B8
:1039F000ED0487BCD7E74BD1C2FF9390B7039D91ED
:103A0000A602AB6032A8603F6E2B582EB675C196E9
:103A1000BC9839688D38F27AC689887218D634B065
:103A20006F891E201A2A8F10CF6B314CDB529B738B
:103A3000388001D33C3BB0B51E3F8AECBA01D4C4F8
:103A4000CEDDAECE8CA025E0D91CBF01AB0A285B31
:103A5000B5D53E25F61E713FAAE2E2944EFF687787
:103A6000F9D8441348DFDAB761E44AB95557075625
:103A70004FAC57BD3A40458104F31ECF9206D5C3E3
:103A800025BFE997BCE35ED6DE38C2079933FB78E1
:103A9000CBD4988E2D87FAA0BD009F237231F9FFF9
:103AA000B3F2241BD8F293FE0EB42A813F53F82DB3
:103AB000992CD626AE2E104A4BF63ADA18F123622C
:103AC0006144AA440C47D47ABE7365BF455D8CF34C
:103AD000B0A9A2E829CD214EA17ED53E32647C1347
:103AE0007C1F3B0DCA6048612C83B29371A37B9904
:103AF000E4B93592D698A126E133FAA26E2C2D3383
:103B0000DCFDF111040578CD9936429812187CC17C
:103B10005D95EB17CC99B1322F7A62DD64AB303909
:103B200014230479A9F4D4DE3005362850615337C4
:103B300083756A4E19D5258812A7F8E55179B4ED39
:103B4000BD62E0ED860641FAE606C0EAC6EF7F32C6
:103B5000C94AAF2A8752158C605CAAE20E4248E03F
:103B6000C5D4C431EDB9902267ABE0DA708CC407DC
:103B70001E48DF009C93AAA3A3B4C53900DC6217DA
:103B80008B933F5381A6D4EA649E79FB7F9478FAA5
:103B9000A4CA75F7760F6C8D23A170C1B1C0173C14
:103BA000C72E1248F714ECD8CB0FBC262E4DDB17CE
:103BB0008EC137FD39BA0881182A439E76E21A7AF7
:103BC0004265CF4F9E537B9523E0CDA2361911F469
:103BD0004B29D5FD2A41975F37A1B26961811F3B0F
:103BE000CF8A9509BC031BB41EBF8AE12F7F16EF55
:103BF00038961614A2B3307308A39517648B38DD7A
:103C000076591076F605A7688358F59E1F9EA5CCB9
:103C1000982BBDDA9FF8D2B1DA401585CAD7EE5E8F
:103C20005CFAC31816A216282A76836B856F891C46
:103C300017F6AA3E799AC9745CEF2C5A8FE0066F8A
:103C400046423218FD7D36AFA4402C13ED48155482
:103C5000D6AD3B92347047F19A8CBA87763F53F2D7
:103C60009EDD5D0A64B5344F8252E4449957CB051A
:103C70005949BE9158F0EEB20FF44824B7EFB60F91
:103C8000027ABD07D7E82925086F84412BCA0ACEDE
:103C90002138F03F8CCC2DABC1A16029C38B42D21F
:103CA00014EC750BB6DAAE522592CE1E82A049BA3C
:103CB0002E61B2A0702401F5ED1BF5C82610310A63
:103CC000778A44A37C6889B42B5333729AAB47D26A
:103CD0005216B5387DD3A99FF19A7F0EB8C8595EA8
:103CE00061A4D92B66EE7DCD5D7FB71CC9DE64EA89
:103CF00043A36D1B47301EB786864B89233A8D74CC
:103D0000104B3B7E37FF9D4B6DA11535EBA0D625A3
:103D1000BA780680663E8FA12B5201FE410B2C5EC5
:103D2000A420DC93F466BE38ABD2AC8BB658251514
:103D3000163A2152295B5934C91A794C303A0D7020
:103D400006DBAC6095CB5AB5F4B13E0E12A7342415
:103D5000CDD946E17B076DD71D6CF38048DC34710B
:103D6000DB892CA276729DE54E2E99F30966D3CCA1
:103D7000EAA09EADC582B664E943258D24C2F954FC
:103D8000C1DF022602DBBE7CC554C257FC6540D6AB
:103D90002F38BB6D21FE17019069173E09C1C8532A
:103DA00063716B78B5956278893E01308788B46914
:103DB0000CD1DE707823DFA4DF647893BCA2BD9FB2
:103DC0008E3F68C8802E1BE3BC41D6CD912F1F16B5
:103DD00010C8145248AF985621ABE531B6041E9C6A
:103DE000EC812CD578E0B4AFE7E2092688307AF888
:103DF0005F78C96B7AEFD157F51107E4042F751A74
:103E000023959A8F8FA63AB4F5E89CBA47600A01C9
:103E10007FBCEB213B19DDD5C93C4AA87A068FEA65
:103E20008EC537E4C4593FDA759472329C843301ED
:103E30008A8489BE749D5529C1CA0EA72A7C795DE2
:103E4000301D0F2A01E59234BBD0CF1B78DA3BA09E
:103E500066CC3D2FF0B164FA4003011C95806D568D
:103E60002B2C44D59ECBE077F5BCA0D6DFDFF07CD1
:103E7000FF80E7D52A431BE76163ADE83E65AC32BE
:103E800000C1BA812033F6BB3950A4CE338F6CB851
:103E90000A4E9C87885070B854B16C081E4E11B2FF
:103EA000F55EA91CA354B34033561D1D981EEEECBD
:103EB000DB76CE35B3FB9BE6505B9542893454DD0F
:103EC00049CC3D68C6EB755BA69D09751FD9652673
:103ED00009ABB63860197DB906430AC23B652704B1
:103EE000FEAC213DBE5C943116D9A131DC2CD0C38F
:103EF0002FCDAFAEE7C4DDB3F43FBB44CCD6277AB9
:103F00003FBF4BB9179934834646661A69709D3492
:103F1000076A963FE8C57F1040C7E63384335636BC
:103F20008655F8F01947BB9C7F70C5FD138FDB9D4C
:103F3000F43233C0989CC6C6911D50DEB5C41F959F
:103F4000F3115BF404E0EEFFDD5C9F17A27A399F6A
:103F50006952434FBB48098BB964EDA903564A6EB9
:103F6000AC0BFA7C6B2A77A0EDCEFA815F8F95407F
:103F7000018D256B0D2CAC9102F4CED545CDA48FCF
:103F8000BAC2786D9C5E3CE648CC45B972D700AFAA
:103F90003948FFD83B23472DBE4F4F6E6A0610A904
:103FA000D6DD21CE4E0EF635EDB3FCD2993A344D26
:103FB0005CC1DD3EF9AEEAF925D340E35BB5CE7ACC
:103FC000CBADF154837D6C4DE7D7B3600886FFD647
:103FD0007AD0E9CAD334EB6E1E319ED3B96E6895A0
:103FE000965DCE432CEAA0156B12038A46CAFE47A3
:103FF000A5EA4CA67B6558F3CF0C8F3A2B9482F43C
:10400000F99728F5A096FD2C286DA918352676235A
:10401000362F871535ACD266D2F83ADC44555E753A
:104020007C1C8D331E4145E97EE6F93F1FA3B27922
:104030001BC1835B266DDF65C7B7C531BE3C2D8CC8
:10404000CF06860E5D065C8A81A0F310B9307265DA
:104050003C2C968EA6AAFA420D770981E6042884A4
:1040600047A1E045D81EC7A7E9CBAE8EC92C916CFD
:1040700075BAD0EA4BDD359331D7BC59B68237AE2D
:1040800013135844A35EBFC6547EC914F457326E4E
:104090004D9D514F442BEA2ED55E588CF32944EEAA
:1040A0002D5146E29F70214AB29C1AA88A728D3225
:1040B000B62CFD567933530941C621FDAB160318C2
:1040C000973556443526D14BAD56636338252FCDF1
:1040D000A15CB7B7A19F8F5A035A7DB0FBC0CADF5E
:1040E0001365DA09F399EED88ACF9C6EF1DC27C309
:1040F000F5825C7B44B67DCC02CE0D1A9D85304E98
:104100000D16965CC628C2974309026DDCD6272F90
:10411000EAA1A19BD0B2DF3AE95860288C17372C6E
:10412000F355D22314F10908131A8ACE1B325B67A8
:10413000749699A2B3C7E2F30E153C4E545A636AC3
:104140007B8F9EB5BBC6C9DEE300272B373E5B5C89
:10415000749DB1D1041B1E264B767D8182839DE028
:10416000F10000000000000000000000000000005E
:104170000000000000000000000000000C1D2835B9
:10418000F5C9CD1D36A1C6ACDC8F1D17E84D0FCF8C
:104190002E4A4553F28765A7AF1E098F30539EFB09
:1041A000DF66A75D6C712EE3B5581D717060A3B911
:1041B000897FED825A06D8AC636988D66EF818A755
:1041C0000E751BCE7E6873C695D5A2F44841538602
:1041D000C66F64EA653E32CE800F5E202F57050B16
:1041E00009BED4D50C78CC131DC2522D5E2397176F
:1041F00012EB684AC99769FA95F7F167C200CB5983
:1042000064384B3DBA796C10BC919AF267D58C42F8
:104210007734C1794503FABA119A89CCB3A7658777
:1042200098704366A8BB9AF78F0266536DFC488E60
:104230008C4A739BC6450C742976328183BAB9D2F5
:1042400032FF4737EC1DCE303BA3394F26FA30CB37
:10425000EF42B1A8C2C53EE398D099D8D8FC9AF3F2
:1042600091675E93A46896D412F625BE2F890E85B9
:104270006BFA60DB3550B463009C1E47821F399592
:1042800043EFA2142DA30CF1222CAEAF03C20463A2
:10429000631B469EF5AEC1429B63D81958110A397B
:1042A0004156E2B7C8D8654D8A4A89DD822967B789
:1042B000219F0A66FA50DDFC514B70842DA6D4492B
:1042C00032AC1A2E51133B34F61A4C1AC75822D46A
:1042D00087C3EB87C4FFEAE6A70EA5D15E126A6822
:1042E0009CED68692A17D2881D21C565B1E9DE3BBE
:1042F000290EAFCE3A294D1B11A85BFD8B2F89CC1F
:104300006AA0A559CF630EA267CC10FF1A4982B8E4
:10431000E448B90632519A8DA13BEF6C723C53735D
:1043200070719FDAB0C7FD2CE3EE6342DD05F6E95C
:104330000CDA6F98E4ED1ED5218DC6B9C3BA694E6B
:104340008B00BF0C12CF30931554BEB5F5AC0C13D7
:104350007D17A7701F759DA2DEBA2DD71C4C18F2D1
:10436000706505B274C3A9E654184C2DC3FF01DF74
:104370009C56D909755D116E7E87AF39BE5276A6FF
:1043800019A726F40F81FF64D9C03904AE1EFA08BC
:104390003AAB6C61261787570923FB3E07EECDA485
:1043A000BA715953DA1855567A4935FBA114255B71
:1043B000FFED72E9D17CC3335CDCC732C2E94D2327
:1043C0008B26695606CBDE267556990C92770ECD54
:1043D0007DA75BC6BA20DF2F1CBF5237786F13183A
:1043E00037A40987CF1DB89BF60A5892771DD2A132
:1043F000F582A8CB1519CBD54B2FD6AAA1BAD020C0
:104400001D42AF8374499CFFA1F8AADB33EEB24B87
:104410001E208138FCBE26CB6C2ED8AB4F52CB91E0
:10442000874F3AE55EB40B96EC281A99505BF498E6
:104430006A28C9329B4586B925040C0933500832D5
:10444000795012D1113D86EC68CD7A81BBA01A9EBD
:104450008C7894E98100687F9AACADAD12E0410997
:10446000BB515F173CD275AFB06AC13F746D2C0E63
:10447000804D54CADDEF79243FD478FEBD5A90BDFB
:10448000AD5CFCB59F95A7F8F6213F55907E3ECCDC
:10449000791A701C2F8876D4DBC51C8DB48F075811
:1044A000F14B94672CE89EECE853E2096CC7E8A94D
:1044B0006CF84CA0F1C988BCFEE81904BF8AD33E51
:1044C000933DBD70CB8A1488F92EC594F044B85B37
:1044D0003C882648EFFE6442D60982EF3EED74F632
:1044E000D8ED0EEF397704CF3FFCB4DC5FD3B1DAFF
:1044F000B2D9E4EC1A8BC09DE2CEBC7BB4CA4B1B94
:104500008CD559187A3FED7351191904AF70335E89
:10451000749DF6828D0D4E751ECB2146D81ED56139
:1045200074EBF4DA51982B878754BC5850AFCBD238
:10453000C063B6BB420C578285A189227EEFB3DDF2
:1045400044F612FEABE5ED27514D13C6BAAC52A3AB
:10455000ED92AE2B9E6526DA941CDC36BDDC28F489
:10456000CC7E792A0AF7532F05E1F099C57F95D2C1
:104570008615BC27799F5FBB386CE278C05066ED2A
:104580002D4C5F208BE945862965F3478AD82A5947
:10459000915A6BC61A4E099B238B323F0A33DE7940
:1045A000F67C3BD0BA5E9C5713175C09C1BB23B79E
:1045B00011231F972BC2FED2D49E3175F79078300D
:1045C000E32A433D88A1A6AF3DD57B45FB289FA5A7
:1045D000537A06EA0C1B204C32BB6FC3BBA2CD043E
:1045E0008AC1685980AE2B3C71B737B8A9748E0167
:1045F000EAF650A0AFA46B0A298D35F30868DE7186
:104600002495EFE490B62FC34E0504911E72CCC1E1
:104610001D55537737D72BA345D4C9A9C22058A11C
:10462000CE18B3F98AC643D7AA8BAA405ECF56B537
:10463000E142FDA07E7AC55B4AC93496704381444D
:10464000125A1F809DE480A9BD91CE287B3702625B
:104650009178E60D723B9F23AC0737CA5B9F7504C8
:10466000591859190C8C7B0ABFB940FF5733A90A56
:10467000019B0348FD6417133688D70D4E4DEA4F52
:104680009EB05AF8B20D9ECB088DCB4A219F374081
:104690000A911156743765C9DD649DB86D1F537E4C
:1046A00044412D4148452F5449434B45542F7631C1
:1046B000C44DFFCC775AE1B67C68326F3B55416BF5
:1046C000B02C36677A66CA2BB6FBA4EF09AB573815
:1046D0000600FCFF04000500060007000600FEFFC0
:1046E0000600FDFFFCFF05000000FDFF0200FEFFCD
:1046F000FAFFFEFF0600FBFF040000000000FBFFC6
:104700000A00FEFF0300FEFFFDFFFBFFFFFF0300AB
:104710000000FFFF0000FFFFFFFFFFFFFBFF0100A6
:10472000FBFF030005000000FEFF0000FFFFFCFF91
:104730000300FFFF0500FEFFFEFF00000400FAFF7C
:1047400002000100FDFF0000FDFFFFFF0100FFFF71
:104750000300FFFFFDFFFFFF03000100FEFF02005B
:10476000030000000000010000000300FDFF050041
:104770000000FFFFFFFFFCFFFFFF0500FEFFFFFF44
:1047800000000000FDFF05000000FCFF0100FEFF2F
:104790000200FEFF0100FEFF01000800FFFFFFFF17
:1047A0000500FFFFFEFF0200FEFF03000300020002
:1047B000FEFFFCFF0000FCFF0200FEFF04000A00F9
:1047C0000200FFFF01000200FFFF0300FAFF0100EB
:1047D000FAFF0100FEFF0300F8FF00000100FFFFE9
:1047E00004000500FFFF0400FBFF0300FCFF0100C5
:1047F000FFFFFFFF06000000010003000200FFFFB3
:10480000FEFF040002000200FFFFFEFF00000700A1
:10481000FDFF00000100040000000100FCFF030098
:104820000300FEFF03000200020004000200030078
:104830000100FFFF0000FFFF020002000000FAFF7E
:104840000400000005000000FEFFFEFFFFFF010066
:10485000FDFF0000FFFF040005000200FEFFFCFF5B
:10486000FCFF02000300FBFF0500FEFFFAFFFCFF58
:10487000FFFFFDFFFFFF0200060001000300030031
:10488000FFFF0000030003000000FEFF0000030024
:1048900002000200FDFFFFFF01000200FDFF080013
:1048A000FEFF0100FDFF01000200FBFFFFFF010012
:1048B00001000100020004000100000004000100EA
:1048C000FBFFFFFF0000FFFF00000500FEFF0000F0
:1048D0000400FCFF0300FEFFFCFFFDFF00000000E2
:1048E000FEFFFFFFF7FF0200FFFFFFFF00000500D4
:1048F00002000100FDFF0300040001000000F9FFB9
:10490000FCFFFCFFFFFF00000000FEFFFDFF0100B9
:10491000FFFFFFFF0100FEFF030003000100040092
:10492000F6FFFDFFFFFF0100FDFF00000300010097
:10493000FEFF05000000FDFFFEFF0100FFFF01007C
:10494000FCFF03000100FBFF00000000010000006D
:10495000FFFF0700FCFFFEFF030002000000F9FF5D
:104960000200FDFF00000400FDFFFFFF0400050042
:104970000200FDFF0200FCFFFFFFFEFF010003003D
:104980000100FAFFFEFFFDFFF8FFFCFF0100010040
:1049900001000100030004000000FDFF080000000A
:1049A00002000400FDFF0100000007000300FAFF01
:1049B000FBFF06000500F9FFFDFF050002000400F3
:1049C0000300FDFF0500010002000C0001000500CE
:1049D0000100FCFF0300FBFF07000200FBFF0100DA
:1049E000FFFFFDFFFDFFFFFF0100FFFF00000600CE
:1049F000FFFFFCFF0100020001000100FCFFFCFFC3
:104A00000200000000000100FFFF0400FDFF0200A3
:104A1000050001000000FFFF0100FEFFFDFF060092
:104A20000700FFFF05000400FCFFFCFFFFFF020082
:104A3000010000000000FCFFFEFF04000000FFFF7B
:104A40000200FDFFFFFFFBFF0200FFFF0200070067
:104A5000FFFFF7FFFFFFFDFF00000400FDFF010067
:104A6000FEFFFFFFFFFFFDFF02000200020000004B
:104A70000000010003000100FFFFFFFFFCFF010039
:104A8000FFFF06000200FDFF00000000FDFF000028
:104A90000000FFFF00000000000001000000FEFF1A
:104AA0000200FFFFFFFFFFFFFFFFFEFFFCFF000014
:104AB000FEFFFFFFFEFFFEFF050000000000FEFFFF
:104AC00000000100FCFFFAFF0100FDFFFDFF0400F4
:104AD000FDFF01000100FDFFFFFFFBFFFAFF0100EA
:104AE000FFFF0100FEFFFFFFFEFFFFFF00000400CD
:104AF000FEFF01000200FFFF05000000FFFFFEFFB8
:104B000000000100010001000000FEFFFEFFFDFFAC
:104B100003000000FAFFFBFF01000100FFFFFFFFA1
:104B20000700FEFF01000000020002000100FBFF81
:104B3000FEFFFAFFFEFF030000000000FCFFFFFF86
:104B4000FDFF020004000000FEFF01000200FAFF6A
:104B5000F9FFFFFF03000200FCFFFDFFFFFF000065
:104B6000FDFF03000100FDFF00000000FBFFFDFF53
:104B7000FFFF03000200FEFF000002000000FFFF35
:104B80000200FDFFFFFFFAFF010006000100040024
:104B9000FDFF04000100FEFF00000500FFFF000014
:104BA00005000200FBFFFEFFFFFFFEFF0500FEFF0A
:104BB0000200FDFF00000100FEFF03000000FFFFF8
:104BC000FDFFFEFF01000500000000000300FEFFE6
:104BD00000000300000000000000020000000100CF
:104BE000F9FF0000FDFF0100FBFF050000000200CF
:104BF0000400FDFFFBFF0100FDFF050001000200B6
:104C0000FEFF0200FCFF00000500FFFF04000000A3
:104C1000FEFF0A000500030001000000FEFF050082
:104C200001000000FBFFFCFF0400FFFFFCFFFDFF95
:104C30000000FDFFFEFF0000FEFF0100FDFFFFFF83
:104C40000000010005000600F9FF02000100FEFF60
:104C50000100010003000300F8FF0000FBFF040057
:104C60000500FFFF0300FDFFFEFFFCFFFDFFFCFF53
:104C7000FCFF01000400F9FF020002000700FBFF37
:104C8000FBFF0100FEFF000000000500FFFF010028
:104C9000FDFFFFFFF8FF0000FCFF0000FFFFFAFF31
:104CA000FFFF06000300FAFFFBFFFEFFFAFF000014
:104CB00002000300040003000100040001000200E0
:104CC00004000400FCFFFFFFFFFF0300FFFF0000E4
:104CD000840AE63866E5BA0ED29C71CE6EC172C9FE
:104CE00011E9CDB718F2980CE31FEDFA0711946B98
:104CF000024941852813479B98FD61BAF8631FD28A
:104D00000013766D0784662BC2BFD48524B86DF975
:104D10008A537961E0C909194FB506EEA7E80D3944
:104D200068CBC114FB8D3C04C5D26680C84AAD4A2D
:104D30006A58273A1F831846339948724562917220
:104D4000FE4BEEF4DA656E447932F6912B149C74C6
:104D500050BAC19F21544EDC6A2117058A5415C1EF
:104D6000B25B332EA6B22A8BD9314677C61A53F5D9
:104D7000E09659D65CAE8AAFB3F50453349264051D
:104D80008D79C58A175F894230C450865071B6EC60
:104D90006F138B7CD0C2FF4FF7476625DEC0017AC8
:104DA000BCAB01F18F0D10421DCC4E267F6CB2B40E
:104DB0009C567A397B48DF65AB195116C4EC69EA19
:104DC00046DCEAECD053C085ECDB70AF3854AEE57E
:104DD0001654EEFC61ED90708188778BC881481580
:104DE0004CE65E2E3E6EC97C144679E15792EBEF9D
:104DF000E967EFD83C98153B6143A534563C220245
:104E000088421D4BFA4A333F5347A5A331CEE548AC
:104E1000B7C27A1F3536484EAC4D8565C508BE1AF7
:104E2000E732A6EAF1D0DB4C004D1FADE936535214
:104E3000F91F14B787B71660003EB1BDC0DDCBB710
:104E4000367993F87362913E6EEEA5A47ACE075040
:104E50006D94AAA2592DA705A62A9102AC0632FE8E
:104E60007D4BD007B622100B9CF97763EA80E7E808
:104E7000ECCF52ED661B26CBC622620987837E6388
:104E8000434AB6F4A6B2648EA7E225DA24AD53B63F
:104E900000AF860DF59FC08D5ED44B308CBF13B034
:104EA00091C9C2FB8293F38C436986B149BEC9970D
:104EB000D3D6601F08CF6B55C54F1146CA6E930CF1
:104EC00091BC0C1831CBB698124662A57ABCEADBCD
:104ED000EEC92BE1F44CFFC24108F8E68A1184EDDB
:104EE0009081C497F797CE0693A82CA1610E84CE2B
:104EF000086DA0C07BB6C4BB78AFF027CB3980303B
:104F0000B0750692E556AD5BAA7DAEB51D13C35BC9
:104F100039B12B5E085E6E0036EB1C8EE1991E8E59
:104F20001E49722008AF048AED1648A986D3E656BA
:104F3000B5532CF93D7EADC0611E3E5D0712A077D2
:104F4000BD813AC1A48B808E543A3EC48F092EABEA
:104F50006653F94E58C323EFB7D5EE2E3F9B16D0BC
:104F600065C4C53A42CF70FD60EA0251A5B0892AF6
:104F70005A62ED8E325E39D445B94EE8D5D637B592
:104F8000C2E7FEDF58B37C1E3378760FA882EF5855
:104F90000F8E4F31CC0AAF6AB8EFBA1B869C9BBC10
:104FA000E5DDAF50F317853B1FA431E236DC0E3F41
:104FB000326409CE20BEFF8CA1B3E9101152A18A40
:104FC000F7AC43ED6F03E6C6BDE58E495935C9B66A
:104FD00065BE70B1E5E1805D98305440E5D309A02D
:104FE0000650201FFDBA2C798ED0F39E4DFEF4F8AA
:104FF00087C57E749B0EB9CFD8090CB54E21A5721A
:10500000436B9836D4938D20303DD819446B62E2BF
:10501000962E5BEF689C40E576487150138CD51D49
:10502000BBAD465FAFEBA3D090F029A3DD4C094A9E
:105030006C7E2886D55A2B58C5AF8293F58AA2DF9D
:105040009F725503926C0115DC524211AFA74BB110
:1050500051FB70A53F5508806FAC1E5AA9094E4FF1
:105060002B9D57807BE2B9F83DE70B3C99DFB5AE4D
:10507000F7DAE6899610E7AE9F37B539684247FE02
:105080000ADD3C078476086BE148C3992D1E37E49E
:105090005354CDBA2D9572241FE1144CD438AA83F1
:1050A000A3958CEA4EAD689DC802257CD0DC3F9864
:1050B0000E03071202070FB181EA16F5E7A2638D0E
:1050C000373B02E6A1D6104921D96E0B929EFBE137
:1050D0008142296CB45A4637ECC3CD29F6E2A88543
:1050E00039AFA4A6CB2E0CB1B4C5AE94EB5D9EC86F
:1050F000C134F28C7D17D1B39D50A188144B752D0E
:10510000143E4B70DD8AE368DA0A71C97187A057D3
:105110006D5B69C7E4B0E747A5F7ADF69F940B3721
:105120001E9B0FE897FE1655CFDBD8A544FF47D747
:10513000CDDCB29719DD33143E077C6455A3C6421B
:10514000202276B6ABCFB6C6D09704F2BBB29BA4F2
:105150003519EDEC85C178B89F69E9EE629161B2CD
:10516000BA62825E5AD9F92C2B3A1BF4A7793EE336
:105170006EEC81EB6ED17F36217013981161970030
:10518000D0FFB4B0A4F4E2EF032211CD02CC51B7AA
:105190005036221D531A92A543F88D5354E8C56525
:1051A000574024882984C089F39BED1CE76F8A222D
:1051B000BC7580A342D93AC5583D1242E07E0A2D03
:1051C000FB5A4DE64A15775B1C9BA9D2916201738D
:1051D000D9D64C95B003FA99338DD6143BB28F379C
:1051E000E2C012B56331B8BD119F9886AEDA48A609
:1051F0003484BC8CFC6B503BC18CB53759A09CCB24
:10520000C61179D9841680B6E9E3DEC05543822AF7
:1052100095B16267CEF96D44F5B9610DEFE249F7DA
:10522000223FBDA1BF12609D9467ED39498BD82FF5
:105230003A4B4DFB1D8DDAFA00AB8E0C4250928733
:10524000930DCFCD99D46BC114EB019E7D55A6EB88
:105250001473C03E85F6691513590EEEF3EFC0D1F5
:105260004BC96D0BBE6D1B4EAB7F5871BC0B2997A4
:105270001CEA23C28BF07A7DC885F710A00723AF04
:1052800021B4139CE996F470B8FF2E3903B6AE1D15
:10529000155CED02DF8BEDD8497F22B9628D2B3C86
:1052A0002738FC62B073F8C74F6E88A5038887144F
:1052B000580DF0FAD8ACFCD1631AF0D23BD51D9949
:1052C0006D2CE53B34EB5D81ABE1DEC25DD5DCDA14
:1052D000CC507EC9850CAC68886E93F1CC9373C2B8
:1052E0002F0E9302A8CCF439766499C3585699606E
:1052F000A1E57BD505860950D95DC7CDD59D3689F9
:10530000DA6C80127AA408D1CCBD9C74D1D46AB96D
:105310004D4071FEC901E6EAD9035155966F3D50E3
:105320005CB241B5AC1C2176B32D44BE52EC89E889
:10533000A445E213BD113F7AA84146B13AC339CB27
:105340005CB28A0C0C6FE5514D5FEDDF1B78276C6A
:1053500045667159C6687DDDBFB8D507F9562EF48C
:10536000590BD79DC07DBEF644077E8ECBE1AAAA1D
:105370005F7C05881A715FC07D5F4760395549DEE3
:1053800094396C8C5B048A56F6991844CE6718EBF6
:105390009DCDB2C9D265619AF796AF841DC397BC03
:1053A000926677CE859E469831EF150B160002BAAD
:1053B000B0E8A881D69176DEAAF51466351F5F3C69
:1053C000AEA6424F123CBCEEE4CA84A2C1E3552C07
:1053D00023D910D8C2EE2454A899C2674DB5E08FE6
:1053E0006512C55DDE89E626DF03134ECE0C114E35
:1053F000F1D20451F84911E51E1B9BB5F08D5B36C7
:10540000238C2889719F2EDC7C9049F0B12BB9A8A0
:105410004E75E5064FD8D7956DB9F7FA97E4A615FE
:10542000551C3F47BEEF6811CED368195FA817D04F
:10543000B2F3EF0397E72E6C2E03F6B65577D3B48D
:105440001217D39AD9E7F60506C486E58B59EE9C68
:1054500083E92C94342D81E578AA36E7353B3B333C
:10546000B2381D40BE3AAB36E052D9EEBA43BE2246
:10547000419C58B458AD6861E8DC16B456D9CA09E5
:10548000111F8755A6376C7A7D134D829B07C24446
:105490000D4D361043B9F3AACFE77490376875EA1B
:1054A0009BA3540CA7B676059624A7DE1F467890DA
:1054B00005F114DAFB2EC73034CB031D4F0AE8790F
:1054C00094BE613FBDD356DB68076768C94CCF1CEB
:1054D0005FAF706EC6B9C80CA0AF68743551364D59
:1054E0007C5DF08C157ED1551126E82736AEE6217D
:1054F0006C8DD4F3AB8A894E54EF624750B0A9E566
:105500000AAE635A370607DC8574FE1E1E74E3C3B9
:105510003958A560E00F2CAA2ED3F6E4CBA309DFFF
:105520007224A9E1423E169491B65B6E844E53916B
:105530009691F8B3A3148DF0E81B197D7058F60B03
:105540008E328FAFE3F077DCFC247FB6AEA5D54D6D
:10555000B7851923B7E0BF83D4E3153097470C20F4
:105560004B14097FCF88D86921B7900818ED1A3EEF
:10557000F8CDEB9317CDDAD2A25A04FB8C25CF31AC
:1055800013416E0EFB33DEB9BC381B4431ECB4AEB4
:10559000BA7099938B3474CDF4EA4D4E29F473D5D7
:1055A0005C807AC3C1783DEAAB868933B54E7BD245
:1055B000587EA4363ECF88F5EA34994D3F97D631D0
:1055C00047150237F48B79271DA8F70E1075B326FF
:1055D000F31F2CAC4FAA562C3836F2F5E3B3F9384A
:1055E000B2F7024367017046582BE88E481C54718D
:1055F00009503CD31F1985020692CCD6E3BC177B19
:105600004E670BD56D80D535731D28C0515521943B
:10561000732C80200155E7D652148B5900B11AEF34
:105620004E2C7823DAC9AE8D1C8B89A46D8EE3993C
:10563000100F0102164F4CA2C7871B5B905859549C
:1056400006D96EF52289A1B67D9FFCF1FB185D1885
:1056500029CE5765A04051BE27F192B9A2E1B315FA
:1056600047B934D00F5F7311869F1AC5609FCE4231
:10567000CD593881E2F2BFBFCF6FA61D2A5035DB6E
:10568000873BF8D98A8AB23ACFE9E8F4C1625691E9
:105690003EE7256A033480081F13088D67954496FA
:1056A0006E81561295BC1481ADC67F423C1ACAC4A5
:1056B000C7983FDE2F6A5D23C3F7991A3943C7A203
:1056C000640EC6409EDFE3283DD26000241BC42F39
:1056D00022143B3DDC09FAF40CA9E3F217D08884CC
:1056E000BA9D868CE1B25C576E208085224CED41DC
:1056F000D7A0C1F01301D4F5BE151905CDC5A96C0D
:105700003D0BB81FD1B70276417630244330605E3E
:105710000A3D56C53D834E6A0848B41E424EAECB84
:1057200036307CD6FEFDD4DF3A9B858F47D6FA31E2
:105730001630351D758AAA79CE2A146B5EDF5F0B91
:1057400079071EE766C4F777FA6181786FA711BD04
:10575000EFA646B18FCDBE357A1F74C81486C9A98D
:1057600026B57D24E397C6080F8D5B2EC9CE4D8AE2
:1057700013D9B5AA302DA2AA0C14A2C815DD639FB7
:10578000AC16852694B66E8CCBEF565166F6A318F0
:1057900001A6B33661D5B447CD5B00ABF01AB1B00A
:1057A000AF3E9E3103A5A4CD701BAAB17C5E101044
:1057B000C9D10E8DA521F355104F1D223ED4C15ED7
:1057C0008716664632DE1F64768A135A4B6DDAAE50
:1057D0008BDDC2C01180244199515FC1F56CE1E7B6
:1057E0004D810BE34F58B8B474A0476482408D9B41
:1057F00045BC5B539FDC16F370B0C31F5C7EFAEAB6
:10580000994F89103AA780CE52F5F19A56945334A5
:105810000EE26CA66E8D51209C0B3E69B872CC8A4C
:10582000E91AD743E34FD1C3B97A1D65FF36347700
:105830002F1E3AE0E1A6539E02220145FF1EB9DD6C
:105840002396ACAE62B668ED6CDBDF0C645CED24D5
:10585000324318D983F4EFCD499CDA47544C4DAE0E
:10586000EE34EBB30C702AE181CBF35596EACE4AC5
:10587000AD23EC4B82F9DD4E92892FCD38665FA0C7
:105880001B9952220114CB00CB5337DFC94CCFF404
:10589000ADC1CDB0ADECC35AE359950B82D8E75BEF
:1058A0009B7969FED3FA9DB453527AE99B92CE7CE0
:1058B0000204D5F333159068A9DD4775C88CB55936
:1058C000247174A2D4EDBF01882BD03B12BED72D1A
:1058D0008A968025BA6CD9E73DA2AD6649915747B3
:1058E0002F29B1E93717F773042F6F42AF52146CA9
:1058F00000000000F76400000231D8FF0315F8FF34
:10590000449E03001821F4FF28A1F2FF241E070083
:105910002BDE1B002BE92300AD84FAFF7F14E0FF90
:10592000759A2F0009FBD3FF497A2F0027E528003D
:105930005896290070A00F00A485EFFF88B73600A5
:10594000909DF7FFA0EAEEFF68F927007BD3DFFF09
:10595000D6ADDFFFE71AC5FFF7A4EAFF98FCCDFF3D
:1059600035D01A0022B4FFFF01323D00C5450400C6
:10597000674A290020760100CDF42E00C5DE3500EF
:1059800003A5E6FF2C30C9FFD447D9FFAFBE3B00CB
:105990008515C5FF7C8ED1FF968A3600413ED4FF27
:1059A000000436004D6AFBFF9CD623005DC5F7FF5F
:1059B0003D12E6FFD6EAE6FF1E7E350059AFC5FF71
:1059C0003F8435001756DFFF5C94E7FF8C73380087
:1059D000A8630C009A1B0800768F0E0053383B001A
:1059E00034853B0030FCD8FF549D1F002D4FD5FF60
:1059F000E506C4FF81ACE8FFCFE1C7FF1998D1FFEE
:105A00005DD6E9FFEE093500C7352100BBCFE7FFC2
:105A100075CFECFF72971D0072B0C1FFF6BCF0FFAE
:105A20008052CFFFAED2CFFFE090C8FFCAEF010097
:105A3000F210340085FEF0FF38C620009F6E29006A
:105A4000A3B7D2FF4BA4C7FF6DBAF9FF0934DAFF41
:105A500082C2F5FF1341EDFF3BA6FFFFF709ECFF04
:105A6000DD2BFAFFD495140063451C00622CEAFF7D
:105A7000E9FBCCFFF00A040017C4070088452F009B
:105A800000AD0000BE36EFFF44CD0D005A673C006C
:105A9000CA2BC7FF7EDEFFFF48391900C069CEFF61
:105AA0006C752400DFC7FCFFA1980B0008E8EBFF32
:105AB0006CE4020008C8C9FFC2363000F6BFE3FF3D
:105AC000933CDBFFE04AFDFF0513140092771400BE
:105AD000259E1300E0D0E7FF4499F3FF0208EAFF98
:105AE000A2EED1FF9CC7C4FF57A0C8FFD9973A00C8
:105AF00093EA1F005AFF3300D4582300F8413A00BC
:105B000072FFCCFFFB3D22009FABDAFF22A4C9FF4E
:105B1000F512040087252500F024EDFF5D9B35007C
:105B2000A048CAFFFCA2C6FF56BBEDFFDE45CFFF73
:105B30005EBE0D001A5E1C00E6E00D005A7F0C00F0
:105B4000838F07008A62E7FF0457FFFFFC06F8FF18
:105B50002100F6FFF65AD0FF84001F0086EF3000C8
:105B60007DB9C9FFD6FCF7FF9245F4FFC221C9FFFA
:105B7000193905000C61040041CDDAFF1BB03E006D
:105B8000E77234003B00CDFFC77C1A0024190300E4
:105B9000E55E2B00991129003A7AD8FF714D130068
:105BA0001CE13D008409130051F02500465A1800FD
:105BB0001885C6FFBE1413009138280090DBC9FF7A
:105BC0008950D2FF3F851C004B0B1D00A6F6EFFF4E
:105BD000BEA8EBFF1BE112003E5ECDFF2F2DEAFFBA
:105BE000E41DF9FFC7061400837232006E0DE2FF58
:105BF0005379ECFF99401D007825D9FFAD05EBFFE7
:105C000005E41600E7DB0B00E81D2200CFF83300A7
:105C100034B9F7FF0CCAD4FFF87FE6FF57D1E3FF92
:105C20001B91D8FF122CC7FFD81009001F5EC6FFBA
:105C30005846E1FF8B1D2500B77325008F7CFDFFC3
:105C400098DD1D0098683300BBD40200A793EDFFD8
:105C5000BE6CCFFF1C7C020008AA180071FD2D004D
:105C6000A55C0C009A37190067A1C7FF3D8CE4FFC3
:105C70003CA1D1FF39C5350015013B00C01D040012
:105C8000F7C42100F41BF1FFE7351A000E340700BA
:105C9000457DF9FFD04C1A00AE7CE4FF68261D005C
:105CA000988EE6FF3326EFFFDA05FCFFDB7FC5FFAA
:105CB0006427D3FFAFE1DDFFDD93F9FF091DDDFFB1
:105CC00093CC02000518F1FF2A9C1800A9E5C9FF32
:105CD000508AF7FF2CCF3B004E43FFFFDF36EBFF30
:105CE000CA153C00685E1500B616F3FFCE291E00EB
:105CF000315B0000F15A0000555A0000000000001E
:105D000000000000D18F0000C98F0000758D0000D9
:105D10002020202020202020202020202020202083
:105D20003030303030303030303030303030303073
:105D3000AC220100CD9E0000C99E0000E59F00003E
:105D4000B19E0000BD9E0000799F0000002B2C3CFE
:105D5000EC24010051A1000019AE000099A400003C
:105D6000000140FFFE8000000F2523210088828073
:105D70000F2822207569705F6473365F6E62725FF0
:105D80007570646174655F6C6C000000943501008F
:105D90006D090100CDDE000031DF000005E00000EC
:105DA00061E40000D5090100E5E4000029090100D3
:105DB00041090100B1E500002DE6000031EE0000D0
:105DC000E9EE000039ED000031EC0000C5EB000009
:105DD000A50901005D090100010A01006109010036
:105DE0004219260918000000000000000000000011
:105DF00000000000000000000000000000000000A3
:105E0000080706050403020100000000000000006E
:105E10000000000000000000000000000000000082
:105E2000010203040506070800000000000000004E
:105E30000000000000000000000000000000000062
:105E40003122130455467768998ABBACDDCEFFE05A
:105E5000102030405060708090A0B0C0D0E0F000C2
:105E6000200400200000000030005245454E542020
:105E70006D616C6C6F6320737563636565646564E5
:105E8000002F5F5F772F61726D2D6E6F6E652D65D0
:105E90006162692D6763632D787061636B2F617236
:105EA0006D2D6E6F6E652D656162692D6763632D63
:105EB000787061636B2F6275696C642D61737365B3
:105EC00074732F6275696C642F6C696E75782D78A8
:105ED00036342F736F75726365732F6E65776C69D7
:105EE000622D63796777696E2F6E65776C69622FB3
:105EF0006C6962632F7374646C69622F72616E6483
:105F00002E63002C2066756E6374696F6E3A2000F4
:105F1000617373657274696F6E2022257322206627
:105F200061696C65643A2066696C6520222573227C
:105F30002C206C696E65202564257325730A002367
:105F40002D302B2000686C4C006566674546470085
:105F5000303132333435363738394142434445469F
:105F60000030313233343536373839616263646535
:105F7000660000001000000000000000017A5200DE
:105F8000027C0E011B0C0D00380000001800000000
:105F900070A2FEFF9E00000000510E1084048503D5
:105FA000860287015BC7C6C5C40E004C0A420B0AB5
:105FB000420B0E10840485038602870151C7C6C5B3
:105FC000C40E00001000000000000000017A520022
:105FD000027C0E011B0C0D001000000018000000D8
:105FE0007CBAFFFF1000000000000000000000006D
:085FF00010A2FE7F0100000079
:105FF8000000000003000000A01000201000002096
:1060080000000000A01000200811002070110020DE
:106018000000000000000000000000000000000078
:106028000000000000000000000000000000000068
:106038000000000000000000000000000000000058
:10604800000000000000000000000000226D002099
:106058006401002014010020C40000207400002006
:106068000000000000000000000000000000000028
:106078000000000000000000000000000000000018
:106088000000000000000000000000000000000008
:1060980000000000000000000000000000000000F8
:1060A80000000000241E010001001900010000008A
:1060B80000030000000000000000000000000000D5
:1060C80000000000000000000000000000000000C8
:1060D80000000000000000000000000000000000B8
:1060E80000000000000000000000000000000000A8
:1060F80000000000301E010001001800010000002F
:106108000002000000000000000000000000000085
:106118000000000000000000000000000000000077
:106128000000000000000000000000000000000067
:106138000000000000000000000000000000000057
:10614800000000003C1E010001000C0001000000DE
:106158000001000000000000000000000000000036
:106168000000000000000000000000000000000027
:106178000000000000000000000000000000000017
:106188000000000000000000000000000000000007
:1061980000000000481E010001000B000100000083
:1061A80000000000843601000000000000001A0111
:1061B8000214021400000000BC1E01004D1600006D
:1061C800000000000090D003000000000000000064
:1061D80000000000181F0100292D00000000000029
:1061E8000000000000000000000000006000030044
:1061F800AC270020400C0020000000000000000038
:1062080000000000A01F0100B558000000000000B9
:106218000000000000000000000000000000000076
:10622800A81F0100615A000000000000C800040017
:10623800CC270020680D002000000000BC1F0100D2
:10624800295E000000000000B81E010000000000E8
:1062580060210100E56B0000000000000000000064
:1062680070210100DD6D0000000000000300000047
:10627800020000000200000002000000020000000E
:1062880000000000E4210100597400000000000033
:1062980000000000F0210100357800000000000037
:1062A80000000000F8210100517900000000000002
:1062B800000000000C220100A57C00000000000086
:1062C800000000000C00000000000000DC2A002094
:1062D8000C001000682C0020A82B0020AC0008003F
:1062E800CC3200206C2D002004000800F43200207D
:1062F800D4320020D98F0000000000000C000800F4
:1063080060340020003400200C000800C83400204D
:10631800683400203800020040350020D0340020C6
:1063280000000000F824010099B8000000000000F7
:10633800000000001200000000000000383C0020AF
:10634800200002009C3D00205C3D00202800100039
:1063580028400020A83D002008001000BC40002074
:106368003C400020780300200000000008000000E6
:1063780000000000CC4000200000000081FF000069
:1063880019C600000000000080FF000089C6000058
:106398000000000087FF000005CA00001800100078
:1063A800A844002028430020000000009B030000B0
:1063B80029F20000000000009B0200009DF200008E
:1063C800000000009B01000099F40000000000009C
:1063D8009B00000031F4000051FD000061FD000049
:1063E800EDFD000005FE000075FD0000E5FE000063
:1063F80031FE000055FD00000100000010040020DF
:10640800000000000800000000000000684C0020A8
:106418000000000064360100B50B01000000000018
:0C642800CDAB00000D040000E9030000F3
:040000030000262DA6
:00000001FF
